match_id,goalkeeper_home_player_rating,defender_home_player_rating,midfielder_home_player_rating,forward_home_player_rating,substitute_home_player_rating
1080506,5.92,6.9350000000000005,6.424000000000001,6.44,7.09
1080507,6.75,6.445,6.423333333333333,5.996666666666667,6.3133333333333335
1080508,7.36,6.835,6.5825,6.265000000000001,6.055
1080509,6.48,7.05,7.140000000000001,7.6,6.213333333333334
1080510,6.7,6.6025,7.19,6.05,6.093333333333334
1080511,7.0,7.253333333333334,6.9725,7.010000000000001,6.136666666666667
1080512,6.54,7.205,6.68,7.760000000000001,
1080513,6.69,6.8625,6.906000000000001,7.1,6.133333333333333
1080514,5.82,6.8725000000000005,6.910000000000001,7.42,6.12
1080515,5.83,6.7425,6.922499999999999,7.06,6.203333333333333
1080516,7.9,6.31,7.484999999999999,7.77,6.593333333333334
1080517,5.94,6.805,6.3375,6.5649999999999995,5.906666666666666
1080518,6.91,6.816666666666666,7.54,7.736666666666667,7.703333333333333
1080519,5.85,6.233333333333333,5.640000000000001,6.390000000000001,5.983333333333333
1080520,6.5,6.835,7.1850000000000005,7.365,6.355
1080521,7.8,7.1825,8.2175,6.995,6.136666666666667
1080522,6.78,7.5825,7.419999999999999,7.326666666666667,6.423333333333333
1080523,6.44,6.5600000000000005,6.7219999999999995,6.1,6.093333333333334
1080524,6.29,7.0675,6.84,7.466666666666666,6.453333333333333
1080525,5.67,5.755,5.854,6.04,6.136666666666667
1080526,7.31,7.3175,7.0024999999999995,6.385,6.196666666666666
1080527,5.99,6.7725,7.276666666666666,6.586666666666666,6.585
1080528,6.64,7.3225,7.394,8.3,6.233333333333333
1080529,5.59,6.2575,6.636666666666667,6.6499999999999995,6.05
1080530,5.71,7.09,6.758,6.35,6.323333333333333
1080531,6.06,6.9125,7.006,6.11,6.0633333333333335
1080532,6.75,7.52,7.218000000000001,6.89,6.243333333333333
1080533,6.12,6.636666666666667,7.048,6.135,5.989999999999999
1080534,7.04,6.77,6.775,6.175,6.55
1080535,7.57,7.4325,7.698,5.94,6.12
1080536,6.63,7.0725,7.786,7.52,6.926666666666667
1080537,6.77,7.4725,7.1625,6.76,6.426666666666667
1080538,7.5,7.7275,7.116,7.54,6.173333333333333
1080539,7.78,7.285,6.616666666666667,6.136666666666667,6.305
1080540,6.88,7.1375,7.0525,7.72,6.036666666666666
1080541,6.02,7.01,7.946666666666666,7.830000000000001,6.43
1080542,5.93,6.7725,6.8625,6.66,6.626666666666666
1080543,6.38,7.0375,7.048,6.42,6.140000000000001
1080544,6.61,5.853333333333333,6.2299999999999995,6.665,6.673333333333333
1080545,6.77,7.2475000000000005,6.973999999999999,5.72,5.986666666666667
1080546,6.86,7.1825,6.986,6.18,6.52
1080547,7.17,7.65,6.905,7.199999999999999,6.536666666666666
1080548,6.31,6.7575,7.3725,6.555,5.963333333333334
1080549,6.95,7.12,7.663333333333334,8.88,6.273333333333333
1080550,7.02,6.935,6.836,7.19,6.423333333333333
1080551,6.05,7.1375,6.5280000000000005,6.76,6.22
1080552,6.51,6.8125,6.112,6.15,6.215
1080553,6.85,6.5425,6.1925,6.04,5.923333333333333
1080554,7.4,6.343333333333334,6.6,7.33,6.18
1080555,6.16,6.65,7.0680000000000005,6.69,5.963333333333334
1080556,6.39,6.98,7.231999999999999,7.19,6.023333333333333
1080557,6.4,7.4725,8.146,7.27,6.566666666666666
1080558,5.59,7.47,7.4719999999999995,7.89,6.0566666666666675
1080559,7.53,5.9475,6.37,6.72,6.386666666666667
1080560,6.94,7.555,7.2075000000000005,8.18,5.99
1080561,7.26,7.4025,8.232,8.71,6.3933333333333335
1080562,7.23,7.279999999999999,7.0975,6.885,6.733333333333333
1080563,6.77,7.355,7.374,8.14,6.286666666666666
1080564,6.4,6.736666666666667,7.265000000000001,6.960000000000001,6.803333333333334
1080565,6.98,6.575,7.340000000000001,8.3,6.113333333333333
1080566,7.3,7.885,7.458,8.35,6.3999999999999995
1080567,6.82,7.2425,7.178,6.32,6.22
1080568,7.4,7.595,7.614,7.18,6.2
1080569,6.06,7.199999999999999,7.976666666666667,8.979999999999999,6.426666666666667
1080570,6.54,7.8625,7.779999999999999,7.42,6.133333333333333
1080571,6.49,7.245,6.593999999999999,6.25,6.59
1080572,6.44,6.5725,7.1933333333333325,6.753333333333333,5.973333333333334
1080573,6.0,6.835,6.396666666666667,6.960000000000001,6.126666666666668
1080574,5.63,6.6,6.752,7.42,6.033333333333334
1080575,7.32,6.4925,6.266,5.83,6.153333333333333
1080576,6.58,6.9625,7.276666666666666,6.283333333333334,6.1933333333333325
1080577,6.12,6.996666666666667,6.8774999999999995,7.103333333333334,6.266666666666667
1080578,5.86,6.805,6.348000000000001,6.86,6.239999999999999
1080579,6.05,7.0575,7.1975,8.695,6.573333333333333
1080580,6.72,7.2125,7.728,7.32,6.323333333333333
1080581,7.76,6.6375,6.9159999999999995,6.39,6.04
1080582,8.08,7.235,7.056,6.73,6.21
1080583,6.59,6.7725,7.048,6.55,6.13
1080584,7.3,7.4775,6.903999999999999,6.02,6.0
1080585,6.49,6.9775,6.9775,7.415,6.029999999999999
1080586,7.55,7.1725,6.5525,7.5649999999999995,6.260000000000001
1080587,7.3,6.8175,6.274,6.67,5.983333333333333
1080588,8.34,7.763333333333333,8.245000000000001,8.25,6.1866666666666665
1080589,7.7,7.175000000000001,6.797499999999999,6.28,6.206666666666666
1080590,6.73,6.79,6.134,5.7,6.376666666666666
1080591,5.88,7.36,7.109999999999999,7.46,6.426666666666667
1080592,7.23,7.4825,7.41,7.445,6.22
1080593,7.7,6.9725,6.837999999999999,6.57,6.6433333333333335
1080594,6.02,7.047499999999999,7.076666666666667,8.32,6.083333333333333
1080595,7.14,6.7525,6.8999999999999995,6.596666666666667,6.169999999999999
1080596,6.15,6.420000000000001,7.1325,6.55,6.453333333333333
1080597,8.42,7.5525,7.072,7.73,6.06
1080598,6.7,7.682499999999999,7.116,6.0,5.85
1080599,5.96,7.0525,6.353333333333333,7.580000000000001,6.745
1080600,6.89,7.963333333333334,7.415,7.260000000000001,6.25
1080601,6.56,7.209999999999999,6.753333333333334,7.276666666666666,6.416666666666667
1080602,6.48,6.5975,7.12,7.25,6.1933333333333325
1080603,6.66,7.215,7.1259999999999994,7.96,6.41
1080604,7.5,7.2325,7.448,9.21,6.366666666666667
1080605,7.3,8.2225,7.75,8.97,6.84
1080606,6.72,7.335,7.314,7.83,6.2299999999999995
1080607,6.85,7.68,8.205,7.9433333333333325,6.416666666666667
1080608,7.8,7.655,7.68,7.69,6.1866666666666665
1080609,6.97,6.205,6.442,6.75,6.323333333333333
1080610,6.81,6.775,6.45,6.39,6.133333333333333
1080611,7.0,6.8325,7.214,8.48,6.34
1080612,5.78,6.172499999999999,6.254,6.27,5.989999999999999
1080613,5.85,7.6375,6.81,7.11,6.0600000000000005
1080614,7.32,7.313333333333333,7.409999999999999,6.54,6.296666666666667
1080615,5.76,6.115,6.196,5.79,5.976666666666667
1080616,6.46,6.9775,6.7780000000000005,6.59,6.383333333333333
1080617,6.04,6.797499999999999,6.953999999999999,6.7,6.1866666666666665
1080618,6.84,7.0525,7.0,7.890000000000001,6.343333333333334
1080619,6.66,7.640000000000001,8.275,9.583333333333334,6.3066666666666675
1080620,5.53,6.82,6.73,6.355,6.253333333333333
1080621,7.78,7.2575,8.163333333333334,9.273333333333333,6.62
1080622,7.04,7.355,7.54,7.0200000000000005,6.580000000000001
1080623,6.29,7.0,7.248,8.33,5.98
1080624,6.18,7.1899999999999995,7.138000000000001,7.41,6.29
1080625,5.06,6.5275,6.305,5.800000000000001,6.386666666666667
1080626,6.5,7.612500000000001,7.330000000000001,7.8,6.13
1080627,5.41,6.890000000000001,6.8025,6.753333333333333,6.003333333333333
1080628,6.35,6.5475,7.1433333333333335,7.420000000000001,7.04
1080629,5.83,6.452500000000001,6.954000000000001,6.79,6.3566666666666665
1080630,5.93,6.1499999999999995,6.9275,6.489999999999999,6.036666666666666
1080631,6.41,6.8025,6.82,6.97,6.216666666666666
1080632,4.45,7.3825,6.358,7.43,7.283333333333334
1080633,5.98,7.0475,7.016666666666667,7.163333333333334,6.25
1080634,7.37,7.5775,7.2620000000000005,8.46,6.05
1080635,6.72,6.6499999999999995,6.85,6.38,6.043333333333333
1080636,7.12,7.013333333333333,6.888,5.87,7.033333333333332
1080637,4.91,7.015,6.5875,7.035,6.546666666666667
1080638,7.21,7.4075,7.133333333333333,6.59,6.116666666666667
1080639,6.47,6.575,6.68,6.725,5.983333333333333
1080640,5.38,6.483333333333333,6.2675,6.6066666666666665,5.886666666666667
1080641,6.28,7.205,6.756,6.3,6.483333333333333
1080642,7.58,6.6625,7.042,6.93,6.02
1080643,6.91,7.505,7.07,7.423333333333333,6.085
1080644,8.81,7.475,7.06,8.346666666666666,6.16
1080645,7.5,7.9725,7.159999999999999,6.56,6.103333333333334
1080646,7.6,7.74,7.136,8.6,6.476666666666667
1080647,5.99,6.715,6.9825,7.09,6.38
1080648,6.25,8.16,7.297999999999999,7.16,6.44
1080649,6.88,7.3125,6.68,7.663333333333333,6.453333333333333
1080650,6.63,7.133333333333333,7.1825,7.543333333333334,6.005000000000001
1080651,6.16,6.6475,6.470000000000001,5.74,6.123333333333334
1080652,6.79,7.9975,8.23,9.3,6.513333333333333
1080653,6.94,7.4399999999999995,8.104,8.34,6.1433333333333335
1080654,7.68,7.583333333333333,6.9025,7.44,6.506666666666667
1080655,7.07,7.85,7.546000000000001,6.17,6.06
1080656,6.8,7.1525,7.095999999999999,8.84,6.62
1080657,6.68,7.4750000000000005,7.3420000000000005,7.69,6.54
1080658,6.15,5.81,6.365,6.193333333333334,6.323333333333333
1080659,6.61,6.67,6.615,6.595000000000001,6.553333333333334
1080660,7.23,7.0225,6.7,6.82,6.37
1080661,6.92,6.3075,7.176666666666667,6.383333333333333,6.035
1080662,7.14,7.080000000000001,7.109999999999999,7.373333333333334,5.97
1080663,7.36,7.463333333333334,7.29,8.81,6.086666666666666
1080664,7.11,6.805,7.0120000000000005,8.14,6.145
1080665,6.21,6.9975000000000005,6.46,6.385,6.1433333333333335
1080666,6.09,6.2700000000000005,6.26,6.574999999999999,5.946666666666666
1080667,7.16,6.776666666666666,7.41,7.986666666666667,6.47
1080668,7.45,7.8925,7.022,8.62,7.03
1080669,5.94,6.550000000000001,6.3325,6.175,5.946666666666666
1080670,5.58,5.84,6.21,6.44,6.21
1080671,5.98,7.75,6.51,6.26,6.489999999999999
1080672,6.43,7.3149999999999995,7.033333333333334,7.603333333333334,6.503333333333333
1080673,6.89,6.5,7.57,7.58,6.973333333333334
1080674,7.68,7.075,7.523333333333333,8.99,6.44
1080675,7.27,7.275,6.75,6.626666666666666,6.52
1080676,6.58,6.995,7.733333333333333,7.716666666666666,6.676666666666667
1080677,6.31,7.2775,7.211999999999999,7.06,6.1499999999999995
1080678,7.26,7.8675,7.295999999999999,6.33,6.456666666666667
1080679,7.17,7.796666666666667,7.5125,7.413333333333334,6.37
1080680,4.99,6.407500000000001,6.56,6.076666666666667,6.043333333333334
1080681,6.76,7.316666666666666,7.0825,7.036666666666666,6.273333333333333
1080682,6.72,6.3525,6.392,5.72,6.26
1080683,8.86,6.5975,6.9975000000000005,6.795,6.04
1080684,5.42,6.075,6.423333333333333,6.32,6.669999999999999
1080685,6.25,6.8066666666666675,6.94,7.615,6.0
1080686,6.09,7.1775,7.456666666666667,7.273333333333333,6.203333333333333
1080687,7.16,7.473333333333334,7.325,7.583333333333333,6.103333333333333
1080688,7.27,6.843333333333334,6.485,6.62,6.260000000000001
1080689,6.14,6.885,7.4325,9.14,5.88
1080690,5.3,6.5275,6.93,6.793333333333333,6.225
1080691,7.06,7.234999999999999,7.337999999999999,7.35,6.873333333333334
1080692,7.97,7.5525,7.56,8.29,6.433333333333333
1080693,5.38,6.5225,7.06,7.153333333333333,6.71
1080694,6.64,7.14,7.336,6.63,6.076666666666667
1080695,7.14,6.22,6.486666666666667,6.006666666666667,6.116666666666667
1080696,6.24,6.8925,7.38,8.75,6.156666666666666
1080697,7.41,7.545,7.963333333333334,6.763333333333333,6.043333333333333
1080698,7.7,6.7875,6.996666666666666,7.626666666666668,6.216666666666666
1080699,7.44,7.305,6.9875,6.695,6.646666666666667
1080700,5.7,6.933333333333334,7.11,8.14,6.3066666666666675
1080701,6.82,7.49,6.900000000000001,7.033333333333334,6.3066666666666675
1080702,6.99,7.49,7.409999999999999,7.33,6.2
1080703,7.67,7.170000000000001,7.8740000000000006,8.105,6.663333333333334
1080704,6.52,7.403333333333333,7.223999999999999,6.735,6.13
1080705,7.39,7.3075,7.544,9.07,6.595000000000001
1080706,7.62,7.3925,6.981999999999999,9.2,6.366666666666667
1080707,7.0,7.203333333333333,7.037999999999999,8.135,6.076666666666667
1080708,7.83,7.31,7.087999999999999,7.7,6.313333333333333
1080709,6.58,7.5225,6.773333333333333,7.936666666666667,5.94
1080710,6.64,6.5375,6.246,6.67,6.073333333333333
1080711,4.84,5.9433333333333325,6.36,6.205,6.113333333333333
1080712,6.81,7.234999999999999,7.333333333333333,6.859999999999999,6.0600000000000005
1080713,7.35,7.6175,7.424000000000001,6.31,5.983333333333333
1080714,6.14,6.7875,6.785,6.395,5.905
1080715,7.1,7.16,6.23,7.153333333333333,6.673333333333333
1080716,5.99,6.785,7.793333333333333,8.253333333333334,6.716666666666666
1080717,5.91,6.5275,6.43,6.37,6.206666666666667
1080718,7.32,7.1850000000000005,7.173333333333333,7.52,6.086666666666666
1080719,5.53,6.415,6.322,6.81,
1080720,6.04,6.4399999999999995,6.7299999999999995,6.9433333333333325,6.233333333333333
1080721,7.17,7.156666666666666,6.6875,6.13,6.146666666666666
1080722,7.14,7.6875,8.16,7.92,6.226666666666667
1080723,6.18,5.9875,6.038,6.03,6.0
1080724,6.37,6.115,6.146,6.6,6.286666666666666
1080725,7.67,7.48,6.9675,7.506666666666667,6.140000000000001
1080726,7.4,7.375,6.84,6.8066666666666675,6.6000000000000005
1080727,6.39,7.376666666666668,7.9475,8.813333333333333,6.226666666666667
1080728,5.59,5.546666666666667,6.0925,6.226666666666667,6.206666666666667
1080729,6.97,6.705,6.775,6.785,6.13
1080730,6.91,7.2275,7.209999999999999,7.44,6.503333333333333
1080731,6.66,6.986666666666667,6.995,6.756666666666667,6.333333333333333
1080732,5.66,7.077500000000001,7.382,6.9,5.793333333333333
1080733,7.37,7.7825,7.093999999999999,9.62,6.073333333333333
1080734,5.94,5.953333333333333,6.262,5.71,6.1433333333333335
1080735,7.18,7.073333333333333,7.82,8.446666666666667,6.3
1080736,6.13,6.3825,6.67,6.39,6.140000000000001
1080737,6.17,7.012499999999999,7.593333333333334,6.75,6.419999999999999
1080738,6.95,8.2,7.386666666666667,6.653333333333333,6.29
1080739,7.72,7.4,7.316,6.71,6.07
1080740,6.91,7.765000000000001,7.642,6.93,6.386666666666667
1080741,5.97,6.495,7.139999999999999,7.17,6.0566666666666675
1080742,5.89,6.915,6.912000000000001,6.56,6.536666666666666
1080743,7.66,7.1525,6.458,6.74,6.37
1080744,6.04,6.626666666666668,7.605,8.18,6.11
1080745,7.75,7.0566666666666675,7.385,6.95,6.603333333333333
1080746,7.76,6.903333333333333,7.91,6.68,6.113333333333333
1080747,7.27,7.295,7.151999999999999,7.63,6.03
1080748,7.57,6.62,7.07,6.63,6.153333333333333
1080749,6.57,7.225,6.632,6.38,6.073333333333333
1080750,6.65,7.685,8.003333333333334,7.383333333333334,6.5200000000000005
1080751,5.42,6.5975,6.743333333333333,7.69,6.109999999999999
1080752,7.36,6.5175,6.311999999999999,6.47,6.0633333333333335
1080753,6.51,7.0275,6.787999999999999,6.53,5.976666666666667
1080754,5.74,7.1625,7.026000000000001,7.56,5.98
1080755,6.84,6.9575,6.593999999999999,6.82,6.286666666666666
1080756,8.41,7.6525,7.9725,8.004999999999999,6.099999999999999
1080757,6.15,6.6675,6.283333333333334,7.173333333333333,5.84
1080758,5.95,6.7275,7.366,7.71,6.32
1080759,6.59,7.2925,7.13,7.09,5.97
1080760,7.04,7.4075,7.71,7.6499999999999995,6.330000000000001
1080761,7.6,7.7725,7.716666666666666,7.676666666666666,6.656666666666666
1080762,5.89,6.640000000000001,6.502,6.0,6.083333333333333
1080763,7.29,7.0,6.522,7.13,6.046666666666667
1080764,7.59,7.1933333333333325,7.295,9.03,6.166666666666667
1080765,7.27,7.6175,7.337999999999999,7.18,6.23
1080766,6.4,6.71,6.6933333333333325,7.0,5.966666666666666
1080767,6.66,6.7575,6.858,5.86,6.636666666666667
1080768,7.25,7.245,6.676,6.83,6.1499999999999995
1080769,6.5,6.49,6.448,6.0,6.169999999999999
1080770,6.94,7.0375,7.306,7.11,6.505
1080771,6.89,7.765000000000001,6.8225,7.12,6.883333333333333
1080772,6.67,7.1075,6.543333333333333,7.313333333333333,6.145
1080773,7.0,7.213333333333334,7.228,6.59,5.81
1080774,6.82,6.965,6.576666666666667,7.396666666666667,6.4799999999999995
1080775,4.91,5.89,6.25,6.4,6.010000000000001
1080776,7.08,7.4025,7.163333333333334,6.8,6.276666666666666
1080777,6.93,6.9825,7.0680000000000005,6.42,6.45
1080778,7.19,7.355,7.0600000000000005,7.025,7.29
1080779,5.45,6.8066666666666675,7.2700000000000005,7.873333333333332,6.696666666666666
1080780,6.9,6.8625,6.0725,6.555,6.133333333333333
1080781,7.0,6.595,6.66,6.78,5.84
1080782,6.21,6.695,6.859999999999999,6.49,6.056666666666666
1080783,6.04,6.626666666666666,7.1579999999999995,6.96,6.05
1080784,7.57,6.8425,7.390000000000001,7.55,6.486666666666667
1080785,6.99,7.125,7.63,8.47,6.239999999999999
1080786,7.45,6.580000000000001,7.0075,6.18,6.53
1080787,6.72,6.705,7.0566666666666675,7.03,6.883333333333333
1080788,6.55,6.88,6.7219999999999995,7.28,6.946666666666666
1080789,7.51,7.73,7.6475,7.585000000000001,6.1933333333333325
1080790,7.42,6.766666666666667,6.835,7.583333333333333,6.163333333333334
1080791,6.97,7.4625,6.964,6.48,6.285
1080792,6.74,6.9125,7.126666666666668,8.200000000000001,6.586666666666667
1080793,6.62,7.0625,6.97,8.166666666666666,6.373333333333334
1080794,6.32,7.21,7.714,7.06,6.03
1080795,7.4,7.0075,7.239999999999999,6.703333333333333,6.445
1080796,6.68,7.1325,6.872,7.22,5.89
1080797,5.98,6.8925,6.772,5.54,6.093333333333334
1080798,6.05,6.84,7.1000000000000005,7.8933333333333335,6.22
1080799,7.0,6.8875,7.09,6.416666666666667,6.243333333333333
1080800,7.36,7.045,7.017999999999999,6.91,6.260000000000001
1080801,7.12,7.16,8.08,7.86,6.37
1080802,5.96,6.4125000000000005,6.3475,7.085,5.926666666666667
1080803,6.9,7.4125,7.12,8.46,6.126666666666668
1080804,6.97,6.99,6.8,6.6933333333333325,
1080805,6.98,6.5649999999999995,6.462000000000001,6.07,6.255
1080806,7.7,7.5175,8.308,7.18,6.196666666666666
1080807,6.74,7.3075,7.0280000000000005,6.14,6.133333333333333
1080808,7.67,7.9025,7.074,8.1,6.59
1080809,6.36,7.2375,7.609999999999999,7.826666666666667,6.31
1080810,6.4,6.984999999999999,7.326666666666667,8.713333333333333,6.15
1080811,6.76,7.3575,7.351999999999999,9.85,7.273333333333333
1080812,7.26,7.4325,7.9719999999999995,6.75,6.703333333333333
1080813,6.38,6.75,6.98,7.813333333333333,6.28
1080814,6.11,7.675,7.438,7.93,6.003333333333333
1080815,7.35,6.6925,7.162000000000001,7.07,6.23
1080816,6.67,7.6325,7.325,6.789999999999999,6.263333333333333
1080817,6.7,6.7175,6.6175,8.085,6.675000000000001
1080818,7.25,7.376666666666666,6.9159999999999995,6.21,6.536666666666666
1080819,5.22,6.29,6.576666666666667,6.753333333333334,6.965
1080820,6.61,7.2875,7.285,7.81,6.1433333333333335
1080821,5.89,6.71,6.176,5.78,5.916666666666667
1080822,6.0,6.922499999999999,6.8175,6.99,6.043333333333334
1080823,6.84,5.8975,6.4775,6.8100000000000005,6.105
1080824,6.58,6.2524999999999995,6.966666666666666,6.786666666666666,6.346666666666667
1080825,5.71,5.9399999999999995,6.4879999999999995,6.13,6.366666666666667
1080826,6.48,6.4075,6.345,6.395,6.475
1080827,7.38,7.17,7.1433333333333335,6.566666666666666,6.234999999999999
1080828,7.52,7.406666666666666,7.1975,6.69,6.173333333333333
1080829,4.94,6.5975,6.293333333333333,6.1866666666666665,6.279999999999999
1080830,7.33,7.92,8.236,7.12,6.496666666666667
1080831,6.42,6.493333333333333,6.7325,7.303333333333334,6.303333333333334
1080832,7.24,7.115,7.395999999999999,6.51,6.1850000000000005
1080833,5.94,6.75,7.3420000000000005,7.93,6.256666666666667
1080834,5.78,6.695,6.6,6.51,6.413333333333334
1080835,6.72,7.265000000000001,7.452000000000001,6.05,6.6066666666666665
1080836,7.74,7.2575,7.115,8.05,6.093333333333334
1080837,6.63,6.765,6.4879999999999995,6.87,6.3500000000000005
1080838,6.66,7.535,7.515,6.49,6.543333333333333
1080839,5.74,6.4125,7.45,9.19,6.3933333333333335
1080840,6.93,6.5375,6.6875,5.800000000000001,6.183333333333334
1080841,6.46,6.206666666666667,5.8525,6.1933333333333325,6.076666666666667
1080842,5.72,6.795,7.198,8.79,5.970000000000001
1080843,6.33,6.946666666666666,7.1475,8.64,6.11
1080844,6.86,7.300000000000001,7.2219999999999995,5.03,6.2700000000000005
1080845,5.7,6.475,6.029999999999999,6.055,5.843333333333334
1080846,5.79,6.45,6.806666666666666,7.086666666666666,6.140000000000001
1080847,6.15,7.4425,7.858,8.26,6.109999999999999
1080848,7.42,7.029999999999999,7.116666666666667,7.419999999999999,6.28
1080849,6.38,7.423333333333333,7.105,6.976666666666667,6.07
1080850,5.87,6.82,6.136666666666667,6.82,6.42
1080851,4.75,6.4725,6.364,6.48,5.99
1080852,6.46,6.7425,6.888,6.51,6.463333333333334
1080853,6.17,7.1675,6.566666666666666,6.973333333333333,6.4
1080854,6.54,7.3149999999999995,6.67,6.08,6.1066666666666665
1080855,7.77,7.3975,6.698,6.59,6.225
1080856,6.67,6.8175,6.705,6.9,7.14
1080857,7.73,7.575,7.4879999999999995,7.71,6.023333333333333
1080858,8.17,7.073333333333333,6.558,5.88,6.31
1080859,7.13,7.4825,6.833333333333333,8.11,6.216666666666666
1080860,5.95,7.1325,6.5200000000000005,5.68,6.329999999999999
1080861,6.52,7.476666666666667,7.568,7.36,6.3
1080862,7.59,7.0566666666666675,7.5475,7.316666666666666,6.210000000000001
1080863,6.29,6.7275,6.466666666666666,7.330000000000001,6.516666666666667
1080864,6.24,7.05,6.69,5.32,6.25
1080865,4.83,6.3175,6.484,6.34,6.1000000000000005
1080866,6.07,6.547499999999999,6.4399999999999995,7.755000000000001,6.426666666666667
1080867,7.01,6.813333333333333,6.885,7.263333333333333,6.823333333333333
1080868,6.95,7.62,8.3075,7.326666666666667,6.196666666666666
1080869,6.01,6.7675,6.14,7.2,6.446666666666666
1080870,6.15,6.345,6.34,6.43,5.95
1080871,6.72,7.342499999999999,7.7780000000000005,8.84,6.646666666666666
1080872,8.73,7.53,7.7124999999999995,7.545,6.456666666666666
1080873,7.74,7.4275,7.1000000000000005,6.916666666666667,6.166666666666667
1080874,7.12,7.22,6.803333333333334,6.596666666666667,6.56
1080875,5.94,6.615,6.346666666666667,6.136666666666667,6.133333333333333
1080876,7.33,8.445,8.478,8.46,6.5566666666666675
1080877,7.45,7.703333333333333,7.2525,8.176666666666668,6.363333333333333
1080878,6.99,7.285,7.125,7.78,6.333333333333333
1080879,7.0,7.61,8.3175,8.15,6.48
1080880,7.58,7.496666666666667,6.8625,7.05,6.1499999999999995
1080881,6.29,7.2425,7.395,7.1,6.1933333333333325
1080882,7.18,7.5375,7.31,8.59,6.89
1080883,7.22,7.615,7.476666666666667,7.133333333333333,6.403333333333333
1080884,6.81,6.83,7.308,7.21,6.09
1080885,5.51,6.5075,6.506666666666667,6.81,6.57
1190174,5.78,7.126666666666666,7.6525,7.803333333333334,7.04
1190175,6.24,6.4399999999999995,6.49,6.140000000000001,6.026666666666666
1190176,5.65,6.216666666666666,6.4375,6.37,6.796666666666667
1190177,6.02,6.6066666666666665,6.5475,6.763333333333333,6.324999999999999
1190178,7.5,7.366666666666667,7.2524999999999995,6.853333333333333,6.246666666666667
1190179,7.03,7.495,8.308000000000002,8.97,6.656666666666666
1190180,6.51,6.38,6.093999999999999,6.25,6.396666666666667
1190181,6.52,7.035,7.215999999999999,6.34,6.196666666666666
1190182,5.65,7.092499999999999,6.796666666666667,6.863333333333333,6.226666666666667
1190183,7.06,7.85,7.031999999999999,6.52,6.086666666666666
1190184,6.67,6.5175,6.2725,6.18,6.146666666666667
1190185,5.84,6.827500000000001,6.502,6.55,5.9399999999999995
1190186,7.87,7.3675,7.192,7.04,6.123333333333334
1190187,6.94,7.475,7.245,7.05,6.029999999999999
1190188,6.78,7.5525,7.226666666666667,7.1433333333333335,6.453333333333333
1190189,5.63,6.626666666666668,6.516,6.43,6.853333333333334
1190190,8.93,7.413333333333333,6.875,7.043333333333334,6.426666666666667
1190191,6.94,6.95,6.9,6.3999999999999995,6.583333333333333
1190192,6.7,6.6775,6.15,6.915,6.38
1190193,7.02,7.3149999999999995,6.8260000000000005,7.45,6.25
1190194,5.67,6.775,6.828,8.02,6.046666666666667
1190195,6.62,7.7,7.71,8.446666666666667,6.533333333333334
1190196,6.36,6.825,7.326666666666667,7.38,6.205
1190197,7.66,7.285,7.209999999999999,7.2,7.22
1190198,7.5,7.4925,7.486,8.32,6.906666666666666
1190199,7.85,7.59,7.628,7.9,6.586666666666666
1190200,7.12,7.1225000000000005,7.316,6.54,6.133333333333333
1190201,6.58,6.78,6.890000000000001,7.29,6.036666666666666
1190202,6.7,7.123333333333334,6.965,7.013333333333333,6.1850000000000005
1190203,7.62,6.875,6.916666666666667,6.4433333333333325,6.146666666666666
1190204,5.65,5.6825,5.965999999999999,5.7,6.013333333333333
1190205,6.53,6.6899999999999995,6.612,5.98,6.033333333333334
1190206,5.5,6.23,6.023999999999999,6.555,5.786666666666666
1190207,6.49,6.7725,6.723999999999999,6.13,6.326666666666667
1190208,7.18,7.776666666666666,7.5275,8.176666666666668,6.203333333333333
1190209,4.73,6.4350000000000005,6.87,7.08,5.976666666666667
1190210,7.56,7.8500000000000005,6.9875,7.946666666666666,6.16
1190211,6.92,7.085,7.16,8.7,6.02
1190212,6.92,7.363333333333333,7.63,7.603333333333333,6.6433333333333335
1190213,7.62,7.4275,7.12,7.725,6.07
1190214,6.44,7.68,6.8475,6.935,6.493333333333333
1190215,7.14,6.656000000000001,6.32,7.115,5.965
1190216,7.15,7.15,6.744,6.56,5.945
1190217,6.19,6.38,6.258,5.94,6.1066666666666665
1190218,6.6,7.416666666666667,7.5,7.3933333333333335,6.173333333333333
1190219,6.86,6.907500000000001,6.9799999999999995,6.34,7.173333333333333
1190220,6.86,6.745,6.3875,6.625,6.136666666666667
1190221,5.46,6.483333333333333,6.256,6.875,5.956666666666667
1190222,6.05,6.734999999999999,6.615,7.085,6.066666666666666
1190223,7.33,7.34,7.922,8.614999999999998,7.046666666666667
1190224,7.46,5.876666666666666,5.912,7.25,6.316666666666666
1190225,5.31,6.755,6.326,5.78,5.993333333333333
1190226,6.88,6.9975000000000005,6.986,7.61,6.316666666666666
1190227,7.81,6.633333333333333,6.76,7.713333333333334,6.1850000000000005
1190228,6.73,7.38,7.5,8.043333333333335,6.19
1190229,7.22,6.625,6.905,6.6850000000000005,6.285
1190230,6.65,6.9925,6.723999999999999,6.2,6.813333333333333
1190231,6.86,7.32,7.327500000000001,6.9399999999999995,7.21
1190232,5.8,6.483333333333333,6.485,6.830000000000001,6.12
1190233,7.24,6.795,6.45,6.353333333333334,6.363333333333333
1190234,7.69,6.826666666666667,7.492,8.675,6.080000000000001
1190235,5.84,6.59,5.9239999999999995,5.77,6.1
1190236,6.3,6.953333333333333,7.342499999999999,7.053333333333334,6.0649999999999995
1190237,6.94,6.8525,8.083333333333334,9.106666666666667,6.93
1190238,7.01,7.346666666666667,7.6075,6.8999999999999995,6.66
1190239,5.46,6.466666666666666,6.4925,6.353333333333333,6.033333333333334
1190240,6.15,6.22,6.9719999999999995,6.12,6.006666666666667
1190241,6.05,6.945,7.1225000000000005,7.18,6.726666666666667
1190242,5.91,6.62,6.7875,7.3100000000000005,6.0649999999999995
1190243,4.74,6.06,5.6525,6.093333333333334,5.9399999999999995
1190244,7.66,7.725,6.985,6.98,6.22
1190245,6.0,6.57,6.614,6.385,6.506666666666667
1190246,5.56,6.615,7.1425,7.609999999999999,6.35
1190247,5.73,6.56,7.0425,6.623333333333334,6.47
1190248,7.21,7.3675,7.3975,7.58,6.06
1190249,7.83,8.086666666666666,7.35,7.94,6.12
1190250,6.5,7.245,7.906666666666666,7.533333333333334,6.359999999999999
1190251,6.92,7.29,6.9025,6.865,6.176666666666667
1190252,6.84,7.373333333333332,7.0,6.653333333333333,6.336666666666666
1190253,6.61,6.713333333333334,6.712000000000001,6.245,6.0566666666666675
1190254,5.93,6.795,6.386,6.12,6.045
1190255,6.31,7.09,6.505,6.3149999999999995,6.156666666666666
1190256,5.87,6.72,6.506,6.95,6.276666666666666
1190257,5.38,6.1975,5.968,6.55,6.010000000000001
1190258,7.29,7.583333333333333,7.072,7.605,6.1433333333333335
1190259,6.93,7.7475,7.9799999999999995,8.11,6.66
1190260,5.81,7.0925,6.75,7.073333333333333,7.036666666666666
1190261,6.21,6.5725,6.552,7.45,6.2
1190262,7.94,7.0075,7.0,7.035,6.38
1190263,6.67,7.213333333333334,7.2275,6.84,6.173333333333333
1190264,6.06,7.3875,7.025999999999999,7.36,5.923333333333333
1190265,6.81,7.665,6.895,6.62,6.859999999999999
1190266,7.4,6.7275,7.055,6.91,6.446666666666666
1190267,7.0,6.5925,6.8475,6.6,6.56
1190268,6.71,6.5925,6.845,7.654999999999999,6.080000000000001
1190269,5.83,7.0525,6.9425,6.13,6.4366666666666665
1190270,6.75,7.359999999999999,7.026666666666666,7.203333333333333,6.2
1190271,5.99,7.1725,8.25,9.026666666666666,6.579999999999999
1190272,5.09,6.965,6.99,7.244999999999999,6.54
1190273,6.86,7.4075,6.8999999999999995,7.386666666666667,6.07
1190274,7.7,7.025,6.795,7.385,6.41
1190275,7.16,7.35,7.39,7.725,6.46
1190276,6.09,6.4375,7.372,6.93,6.05
1190277,6.66,7.0825,7.826666666666667,7.09,6.526666666666666
1190278,6.55,6.1850000000000005,7.2675,7.275,6.02
1190279,7.34,8.096666666666666,7.7275,8.28,7.0200000000000005
1190280,6.36,6.876666666666666,7.1850000000000005,7.266666666666667,6.3999999999999995
1190281,5.93,6.27,6.32,6.195,5.94
1190282,5.93,6.7975,6.1925,6.57,6.37
1190283,6.13,6.983333333333334,6.78,6.396666666666667,6.32
1190284,6.95,7.3525,7.989999999999999,7.666666666666667,6.07
1190285,7.35,6.97,7.0275,6.73,6.116666666666667
1190286,7.02,7.3625,6.773333333333333,7.153333333333333,6.4433333333333325
1190287,6.82,7.4625,7.744,7.89,6.253333333333333
1190288,6.97,6.9575,7.82,7.0,6.083333333333333
1190289,7.13,7.7075,7.042,7.23,6.0
1190290,8.1,7.413333333333334,7.245,7.933333333333333,6.036666666666666
1190291,5.3,6.476666666666667,6.392,7.05,6.926666666666667
1190292,6.5,6.905,8.26,7.163333333333334,6.246666666666666
1190293,6.47,6.577500000000001,7.1775,7.279999999999999,6.476666666666667
1190294,5.38,6.239999999999999,6.14,6.1,6.2
1190295,5.93,6.876666666666666,7.048,7.8149999999999995,6.239999999999999
1190296,7.25,6.68,7.09,7.255,6.3
1190297,6.73,7.6425,7.414,9.04,6.080000000000001
1190298,6.35,6.66,6.8075,6.445,5.86
1190299,6.53,7.859999999999999,7.365,7.31,6.243333333333333
1190300,5.73,6.5,6.75,6.2,6.0200000000000005
1190301,6.53,6.7475000000000005,6.5,7.446666666666666,6.273333333333333
1190302,6.44,6.9725,6.9075,7.42,6.6
1190303,8.27,8.0775,7.8740000000000006,7.58,6.123333333333334
1190304,6.06,6.866666666666667,6.7475000000000005,7.466666666666666,6.68
1190305,6.6,6.705,6.796000000000001,5.5,6.1433333333333335
1190306,6.72,6.5425,6.208,6.91,6.06
1190307,6.52,6.83,7.653333333333333,7.233333333333333,6.14
1190308,6.21,6.66,6.336666666666666,6.87,6.416666666666667
1190309,6.0,6.095,6.87,8.185,6.316666666666666
1190310,6.83,7.045,6.603333333333334,7.413333333333334,6.086666666666666
1190311,6.4,6.5200000000000005,6.2675,6.4799999999999995,6.01
1190312,7.52,7.733333333333334,6.82,7.220000000000001,6.150000000000001
1190313,7.44,6.6925,7.1819999999999995,7.26,5.986666666666667
1190314,6.95,7.305,6.953999999999999,7.39,6.276666666666666
1190315,6.11,5.6499999999999995,6.797499999999999,7.04,6.53
1190316,6.25,5.8933333333333335,6.005,6.526666666666666,6.103333333333333
1190317,6.7,7.2825,7.126666666666668,7.02,6.783333333333334
1190318,5.77,6.7275,6.255,6.48,6.27
1190319,7.24,6.9775,6.9350000000000005,6.505,6.09
1190320,7.76,7.816666666666666,6.755,7.6499999999999995,6.4
1190321,6.18,7.4,7.856,8.94,6.163333333333334
1190322,6.18,7.550000000000001,7.5840000000000005,9.15,6.176666666666667
1190323,5.03,6.1375,6.23,5.965,5.960000000000001
1190324,7.1,7.205,7.5,8.565,6.383333333333333
1190325,7.28,7.486666666666667,7.425,7.216666666666666,6.18
1190326,7.63,7.09,6.8025,6.58,6.35
1190327,6.12,7.07,7.346000000000001,9.309999999999999,6.103333333333333
1190328,6.72,6.5325,6.9325,6.875,6.073333333333333
1190329,6.86,6.74,6.3149999999999995,6.52,6.616666666666667
1190330,6.08,6.843333333333334,6.628,7.775,6.27
1190331,7.09,7.63,7.144,8.75,6.16
1190332,7.15,6.5875,6.586666666666666,6.53,6.64
1190333,7.69,7.195,7.075,7.720000000000001,6.21
1190334,6.44,7.146666666666666,6.5175,8.216666666666667,6.5
1190335,7.87,7.9275,7.38,7.57,6.06
1190336,5.51,6.646666666666667,7.0600000000000005,7.283333333333334,6.4
1190337,7.15,7.365,6.83,6.9,7.11
1190338,6.71,7.423333333333333,6.895,7.533333333333334,6.203333333333333
1190339,6.11,7.6875,8.388,8.06,6.213333333333334
1190340,4.29,7.157500000000001,7.355,7.4,5.98
1190341,6.27,6.5,7.3100000000000005,7.925,6.18
1190342,6.67,6.506666666666667,6.912000000000001,6.91,6.743333333333333
1190343,6.33,6.853333333333334,6.855,6.636666666666667,7.04
1190344,6.66,7.46,7.664,7.8,6.1933333333333325
1190345,6.09,6.785,6.966666666666666,7.04,6.286666666666666
1190346,7.75,7.3175,6.9875,7.57,
1190347,5.87,6.7475,7.0475,7.9350000000000005,6.31
1190348,7.0,6.984999999999999,7.109999999999999,6.9,6.556666666666666
1190349,7.26,7.6,7.803333333333334,7.7700000000000005,6.183333333333333
1190350,5.27,5.92,6.506,6.0,6.215
1190351,7.09,6.6275,6.9425,6.4,7.66
1190352,7.28,6.6775,7.072,6.47,6.206666666666667
1190353,6.44,6.9025,7.533333333333334,7.573333333333333,6.0566666666666675
1190354,5.79,6.8775,7.843333333333334,8.276666666666666,5.996666666666667
1190355,7.74,6.84,7.16,7.76,6.62
1190356,7.67,7.7925,7.993333333333333,9.219999999999999,6.446666666666666
1190357,7.25,7.1075,7.087999999999999,6.87,6.083333333333333
1190358,7.26,7.555,7.709999999999999,8.15,6.2
1190359,5.84,6.8625,6.75,6.984999999999999,6.123333333333334
1190360,5.62,6.9875,6.81,6.85,7.43
1190361,6.23,7.159999999999999,7.92,8.73,6.06
1190362,6.65,7.05,6.798,6.35,6.68
1190363,7.0,6.6225000000000005,6.8,7.316666666666666,6.0633333333333335
1190364,7.69,6.264,6.4875,6.47,6.313333333333333
1190365,7.38,7.76,7.556,7.32,6.27
1190366,6.76,7.68,8.175999999999998,9.74,6.303333333333334
1190367,6.49,7.46,7.837999999999999,7.53,6.473333333333334
1190368,6.71,7.05,7.902000000000001,9.32,6.203333333333333
1190369,7.25,7.2675,6.8740000000000006,7.42,6.576666666666667
1190370,6.38,6.859999999999999,6.518000000000001,6.8,6.703333333333333
1190371,6.68,6.8066666666666675,7.8375,7.826666666666667,6.77
1190372,7.64,7.215,6.82,7.126666666666666,6.116666666666667
1190373,8.77,7.5975,7.692,7.92,6.353333333333334
1190374,7.09,7.88,7.07,7.27,6.163333333333333
1190375,6.24,6.5775,6.64,7.33,6.103333333333333
1190376,7.26,7.2475000000000005,7.085,5.970000000000001,6.419999999999999
1190377,5.39,6.4525,6.8975,6.09,6.02
1190378,7.77,8.165,7.558,8.74,6.096666666666667
1190379,6.97,7.516666666666667,7.425,8.41,6.263333333333333
1190380,5.87,7.015,7.43,6.9350000000000005,6.253333333333333
1190381,5.96,7.003333333333334,6.9975000000000005,8.49,5.91
1190382,6.2,5.715999999999999,6.326666666666667,6.375,5.903333333333333
1190383,6.28,6.9375,7.256666666666667,8.17,6.403333333333333
1190384,7.27,7.573333333333333,7.3675,8.47,6.72
1190385,7.42,7.2775,6.724000000000001,7.61,6.123333333333334
1190386,5.93,6.7524999999999995,6.85,6.24,6.07
1190387,6.26,6.78,7.624,9.83,6.4799999999999995
1190388,7.62,7.0075,6.793333333333333,6.993333333333333,6.083333333333333
1190389,6.47,7.4275,6.9719999999999995,7.25,6.083333333333333
1190390,6.73,6.945,6.603999999999999,6.02,6.603333333333333
1190391,6.42,6.7325,7.919999999999999,8.47,6.466666666666666
1190392,7.81,7.5325,6.6579999999999995,6.31,6.203333333333333
1190393,6.44,7.234999999999999,7.264,6.95,6.1499999999999995
1190394,7.71,7.2524999999999995,7.53,7.130000000000001,6.385
1190395,7.96,7.515,7.3225,7.295,6.273333333333333
1190396,6.05,6.7375,7.166666666666667,7.266666666666667,6.169999999999999
1190397,7.62,7.5425,8.225,7.05,6.183333333333334
1190398,6.23,6.93,7.986666666666667,8.663333333333334,6.074999999999999
1190399,6.13,6.2775,6.644,6.44,6.006666666666667
1190400,7.42,7.1525,7.106,6.12,6.355
1190401,6.33,6.3425,6.3500000000000005,6.286666666666666,6.215
1190402,6.22,6.7725,6.866,6.72,6.166666666666667
1190403,7.11,7.0425,6.406666666666666,6.829999999999999,6.21
1190404,7.26,7.3725,6.5575,6.359999999999999,6.233333333333333
1190405,5.8,6.0024999999999995,6.096666666666667,7.003333333333333,5.830000000000001
1190406,7.12,7.875,7.6579999999999995,7.75,6.21
1190407,7.08,7.093999999999999,6.8675,7.3,6.13
1190408,5.89,7.205,7.112,6.86,6.293333333333333
1190409,4.71,6.366666666666667,6.84,6.359999999999999,6.3
1190410,8.42,7.298,6.855,7.32,6.18
1190411,6.92,7.32,7.404000000000001,7.13,6.35
1190412,6.49,6.765000000000001,6.806,7.1,5.956666666666666
1190413,6.88,6.68,7.4275,6.34,6.773333333333333
1190414,6.24,6.56,6.962000000000001,6.825,6.3566666666666665
1190415,7.62,7.933333333333334,7.4775,7.8,6.260000000000001
1190416,6.53,6.843999999999999,6.566666666666667,7.175,5.853333333333333
1190417,6.49,6.505,6.6225000000000005,6.555,6.140000000000001
1190418,6.61,6.3420000000000005,5.826666666666667,6.01,6.046666666666667
1190419,5.89,6.1925,6.518000000000001,5.7,
1190420,7.14,6.62,7.415,6.653333333333333,6.15
1190421,6.35,6.21,6.523999999999999,6.51,6.150000000000001
1190422,6.98,6.892,7.1775,8.09,6.026666666666666
1190423,5.52,6.88,6.8425,6.3100000000000005,6.79
1190424,7.39,7.1725,7.36,7.715,6.025
1190425,8.22,6.8825,7.625,7.9399999999999995,6.306666666666666
1190426,6.35,6.88,6.99,7.239999999999999,6.18
1190427,6.46,7.01,7.56,8.215,6.286666666666666
1190428,6.33,6.8875,6.9325,6.285,6.300000000000001
1190429,6.81,7.46,6.923333333333333,8.933333333333334,6.763333333333333
1190430,5.46,6.436666666666667,6.4125,6.9433333333333325,6.533333333333334
1190431,6.91,7.145,6.55,6.86,
1190432,6.18,6.5125,6.354,6.03,6.07
1190433,6.59,7.48,7.54,8.243333333333334,6.113333333333333
1190434,6.07,7.215,7.006,6.12,6.0
1190435,7.27,7.0075,6.859999999999999,6.890000000000001,5.945
1190436,6.62,7.1575,7.93,7.640000000000001,6.54
1190437,6.91,6.895,6.433333333333334,6.476666666666667,6.433333333333334
1190438,6.53,7.2075,7.1125,6.63,6.1000000000000005
1190439,5.82,6.797499999999999,6.952,6.16,6.3149999999999995
1190440,6.86,7.0275,7.28,7.8066666666666675,6.04
1190441,7.59,6.6866666666666665,6.3975,6.586666666666667,6.066666666666666
1190442,6.29,6.8475,6.636,6.04,6.56
1190443,6.62,7.5,8.700000000000001,8.32,6.046666666666667
1190444,6.12,6.7075,6.828,7.49,5.87
1190445,7.06,7.4825,7.836666666666666,7.9799999999999995,6.69
1190446,7.11,6.9624999999999995,7.2225,7.52,6.55
1190447,7.13,6.9725,6.436666666666667,6.3933333333333335,6.165
1190448,7.1,7.4925,6.756,5.92,6.305
1190449,7.13,7.43,7.026000000000001,8.06,6.72
1190450,6.56,6.236,6.726666666666667,6.494999999999999,6.153333333333333
1190451,5.98,6.792,6.5775,6.46,6.126666666666668
1190452,7.37,7.3149999999999995,7.256666666666667,6.916666666666667,6.006666666666667
1190453,7.16,7.2575,7.55,8.24,6.140000000000001
1190454,7.34,6.195,6.8725000000000005,7.665,6.366666666666667
1190455,7.78,7.363333333333333,7.348000000000001,7.88,6.06
1190456,6.46,7.25,7.135,6.8,6.216666666666666
1190457,6.75,6.8275,6.95,8.71,6.096666666666667
1190458,6.82,7.0075,6.773999999999999,6.45,6.223333333333334
1190459,7.12,6.5925,6.925999999999999,7.51,6.323333333333333
1190460,7.5,6.566666666666666,6.9775,8.376666666666667,6.506666666666667
1190461,5.84,6.675,6.2875,6.33,6.22
1190462,6.53,6.5325,7.068,7.08,5.94
1190463,7.38,7.092499999999999,6.8,6.456666666666667,6.223333333333334
1190464,5.78,7.026666666666666,6.436,6.945,6.33
1190465,5.65,6.35,6.575,6.67,6.13
1190466,7.53,6.335,7.308,7.67,6.226666666666667
1190467,6.01,6.907500000000001,7.109999999999999,6.88,6.083333333333333
1190468,6.7,6.64,6.987500000000001,5.895,6.890000000000001
1190469,7.64,7.355,7.04,6.3149999999999995,6.263333333333333
1190470,6.75,6.7175,6.7125,6.83,6.12
1190471,6.67,6.585,6.2325,7.085,5.983333333333333
1190472,6.39,6.976666666666667,7.0975,7.513333333333333,6.245
1190473,6.81,8.075,7.2524999999999995,7.9,6.223333333333333
1190474,7.29,7.075,6.453333333333333,6.386666666666667,6.423333333333333
1190475,6.52,6.790000000000001,6.6866666666666665,6.99,6.2299999999999995
1190476,4.86,6.6425,6.2700000000000005,7.24,6.753333333333333
1190477,6.73,7.9825,7.76,7.869999999999999,6.25
1190478,5.75,6.57,6.88,7.093333333333334,6.2700000000000005
1190479,7.34,7.37,7.03,7.093333333333334,6.109999999999999
1190480,5.93,6.73,6.5675,6.914999999999999,6.136666666666667
1190481,5.71,6.327500000000001,6.728,6.11,6.109999999999999
1190482,6.09,6.7875,6.5125,7.52,5.95
1190483,7.32,7.305,6.8675,6.91,6.0
1190484,6.88,7.45,6.975,6.885,6.233333333333333
1190485,6.92,7.7475,8.34,8.360000000000001,6.8566666666666665
1190486,8.11,6.9225,7.154999999999999,6.76,6.38
1190487,6.78,7.047499999999999,6.75,7.220000000000001,6.29
1190488,5.9,6.5325,7.16,7.135,6.16
1190489,6.78,7.1899999999999995,6.6375,6.36,6.136666666666667
1190490,6.7,7.95,7.885,8.415,6.4799999999999995
1190491,6.23,6.705,6.182,6.48,6.086666666666666
1190492,6.67,6.9825,6.456666666666667,6.316666666666666,6.3
1190493,6.22,6.7375,7.169999999999999,6.483333333333333,6.633333333333333
1190494,6.12,6.7924999999999995,7.1075,6.285,6.080000000000001
1190495,7.84,6.923333333333333,6.945,7.463333333333334,6.239999999999999
1190496,6.55,6.673333333333333,6.07,6.336666666666666,6.419999999999999
1190497,8.31,7.485,7.248,7.7,6.419999999999999
1190498,5.93,6.276666666666666,6.15,5.945,6.169999999999999
1190499,6.37,7.074999999999999,6.827500000000001,8.219999999999999,6.07
1190500,7.11,7.305,6.726000000000001,6.34,6.423333333333333
1190501,7.43,7.609999999999999,7.960000000000001,8.243333333333334,6.153333333333333
1190502,6.9,6.6025,6.533333333333334,6.746666666666667,6.140000000000001
1190503,6.0,6.7275,7.1875,7.220000000000001,6.386666666666667
1190504,6.02,6.47,6.9375,7.246666666666667,6.0633333333333335
1190505,6.75,6.9575,6.654999999999999,7.68,6.18
1190506,5.1,6.6275,6.970000000000001,6.5,6.289999999999999
1190507,7.49,7.3325,7.014,7.13,6.176666666666667
1190508,5.86,7.23,6.83,6.579999999999999,6.55
1190509,7.73,7.113333333333333,6.82,6.77,6.18
1190510,6.96,6.9825,7.8066666666666675,7.54,6.513333333333333
1190511,7.34,7.5575,7.198,8.65,6.966666666666666
1190512,6.17,6.640000000000001,6.592499999999999,6.33,6.213333333333334
1190513,6.48,6.535,6.436,5.67,6.2
1190514,7.05,6.827500000000001,7.035,6.775,6.17
1190515,5.92,6.673333333333333,6.6975,7.06,6.03
1190516,5.99,6.623333333333334,7.275,6.66,6.52
1190517,7.15,7.3825,7.026666666666666,6.823333333333333,6.260000000000001
1190518,6.55,6.3625,6.336,6.3,6.003333333333333
1190519,7.51,7.175,7.1899999999999995,6.125,6.54
1190520,6.24,6.65,8.159999999999998,8.186666666666666,6.239999999999999
1190521,5.75,5.9399999999999995,6.142,6.07,6.75
1190522,6.06,6.185,6.795,6.140000000000001,5.933333333333334
1190523,6.83,5.8725000000000005,6.1975,6.15,5.96
1190524,5.94,6.023333333333333,6.585,5.846666666666667,6.153333333333333
1190525,7.29,7.220000000000001,6.983333333333333,7.0,6.34
1190526,5.66,6.8625,6.123333333333332,6.636666666666667,6.773333333333333
1190527,6.45,7.285,6.4175,6.890000000000001,7.023333333333333
1190528,6.88,6.6175,6.970000000000001,7.18,6.28
1190529,7.91,7.0825,6.874,7.54,6.433333333333334
1190530,6.51,7.529999999999999,7.5424999999999995,7.595000000000001,6.010000000000001
1190531,6.0,6.93,6.348,6.26,6.126666666666666
1190532,6.19,6.24,6.02,5.97,6.316666666666666
1190533,5.18,6.5025,6.654000000000001,6.08,6.0633333333333335
1190534,7.11,7.5225,7.0760000000000005,6.76,6.28
1190535,8.04,7.8175,6.87,6.72,6.539999999999999
1190536,7.45,7.2,7.06,6.863333333333333,6.196666666666666
1190537,7.42,6.793333333333333,7.02,6.633333333333333,6.603333333333334
1190538,6.31,6.7275,6.601999999999999,7.1,5.59
1190539,7.33,7.6525,7.3420000000000005,7.99,6.303333333333334
1190540,6.38,7.476666666666667,7.24,7.699999999999999,7.046666666666667
1190541,7.29,7.5675,7.46,8.393333333333333,6.833333333333333
1190542,7.55,7.545,7.581999999999999,6.66,6.233333333333333
1190543,5.88,7.05,6.744,7.18,6.076666666666667
1190544,5.82,6.0475,5.8149999999999995,6.07,6.016666666666667
1190545,7.72,7.4525,7.642,8.26,6.74
1190546,8.27,7.47,6.814,6.32,6.226666666666667
1190547,7.17,7.2925,7.586,7.47,6.226666666666667
1190548,7.25,7.0633333333333335,7.532500000000001,7.586666666666666,6.473333333333333
1190549,6.36,6.9325,7.0920000000000005,8.44,6.31
1190550,6.44,6.245,6.876666666666666,6.84,6.065
1190551,5.23,6.2775,6.462000000000001,6.38,6.13
1190552,7.67,7.869999999999999,7.98,8.646666666666667,6.390000000000001
1190553,7.57,7.57,7.3075,6.483333333333333,6.043333333333334
829513,5.81,7.2775,7.556,6.42,6.363333333333333
829514,5.29,6.435,6.7625,6.154999999999999,5.93
829515,6.39,6.9375,6.52,7.005,6.59
829516,7.1,7.6125,7.384,7.71,6.235
829517,5.79,7.076666666666667,6.550000000000001,7.05,6.510000000000001
829518,6.58,6.4125,6.65,6.72,6.133333333333333
829519,6.88,7.096666666666667,6.776000000000001,6.654999999999999,6.216666666666666
829520,5.73,7.45,6.7700000000000005,6.59,6.21
829521,5.51,6.5625,6.835,7.365,5.95
829522,6.91,6.85,6.92,5.66,6.22
829523,7.6,7.0600000000000005,7.136666666666667,6.18,6.153333333333333
829524,7.35,8.075,7.8340000000000005,7.71,6.640000000000001
829525,6.61,6.4975000000000005,6.76,6.8149999999999995,6.25
829526,5.96,6.9625,6.859999999999999,7.61,6.146666666666667
829527,6.38,6.763333333333333,6.944,6.775,6.146666666666667
829528,7.48,6.5825000000000005,6.8025,7.895,6.656666666666666
829529,7.55,7.09,6.914,6.29,6.16
829530,6.84,6.72,7.1066666666666665,6.773333333333333,6.213333333333334
829531,8.01,7.4025,6.9159999999999995,7.1,6.266666666666667
829532,7.22,8.1025,7.917999999999999,8.95,6.32
829533,6.78,6.7325,6.75,8.195,6.196666666666666
829534,6.76,7.4525,6.9825,6.67,6.03
829535,5.23,6.2375,6.9159999999999995,6.77,6.02
829536,7.04,7.04,7.27,7.1,6.293333333333333
829537,5.23,7.105,6.4325,6.220000000000001,6.263333333333333
829538,6.72,7.3149999999999995,6.552,6.73,6.859999999999999
829539,7.93,7.4,7.28,7.785,6.163333333333334
829540,7.46,7.46,8.02,7.65,6.283333333333334
829541,6.76,6.0125,6.294,6.11,6.109999999999999
829542,6.66,6.53,6.624,6.43,5.963333333333334
829543,6.92,7.3500000000000005,7.742,7.3,6.096666666666667
829544,5.93,6.79,7.8260000000000005,9.78,6.73
829545,8.27,7.615,7.0525,6.605,6.316666666666666
829546,6.52,7.9425,7.15,7.3149999999999995,6.34
829547,6.02,7.05,6.434,6.09,6.033333333333334
829548,6.23,7.6325,8.555,7.845,6.19
829549,7.91,7.6775,8.056666666666667,7.666666666666667,6.796666666666667
829550,6.01,7.1425,7.08,7.13,6.239999999999999
829551,7.12,6.33,7.136,6.75,6.156666666666666
829552,5.38,6.42,6.5225,6.235,6.226666666666667
829553,5.38,5.8625,6.1259999999999994,6.4,6.010000000000001
829554,7.63,7.2825,7.0875,6.68,6.27
829555,4.14,7.0175,6.776666666666666,6.763333333333333,6.21
829556,6.3,7.165,7.06,8.49,6.416666666666667
829557,5.99,7.0475,7.3575,6.48,6.396666666666666
829558,5.9,6.9425,7.026000000000001,6.15,6.6433333333333335
829559,6.35,6.717499999999999,7.6450000000000005,6.53,6.386666666666667
829560,7.41,6.855,6.4719999999999995,5.9,6.1899999999999995
829561,6.65,7.0275,6.715999999999999,6.14,6.140000000000001
829562,6.73,7.3075,7.0,7.0600000000000005,6.59
829563,6.9,6.95,7.167999999999999,7.05,6.1000000000000005
829564,7.09,7.485,7.58,8.31,6.22
829565,7.48,7.45,7.923333333333333,7.613333333333333,6.115
829566,5.42,6.7375,6.734999999999999,7.154999999999999,6.05
829567,6.45,6.702500000000001,7.4799999999999995,7.08,6.075
829568,6.69,7.5975,6.63,7.1850000000000005,6.21
829569,6.05,7.117500000000001,7.1933333333333325,8.046666666666667,6.256666666666667
829570,7.17,7.547499999999999,6.866,7.38,6.53
829571,6.55,6.9125000000000005,6.7,6.39,6.62
829572,7.18,7.805,8.34,8.51,6.43
829573,6.59,6.9825,7.1,6.465,6.233333333333333
829574,7.03,7.5249999999999995,6.9525,6.52,6.260000000000001
829575,6.85,7.175,7.066666666666666,7.516666666666667,6.255000000000001
829576,7.57,7.215,7.0975,7.65,6.34
829577,5.14,6.355,6.9239999999999995,7.05,6.433333333333334
829578,6.03,7.4350000000000005,6.6475,6.09,5.96
829579,5.86,6.672499999999999,6.5,5.78,6.03
829580,6.9,7.205,6.832000000000001,6.11,6.876666666666666
829581,7.03,6.97,6.763333333333333,6.603333333333334,5.994999999999999
829582,5.64,6.3325,6.603333333333334,6.583333333333333,6.78
829583,7.88,7.3125,7.228,8.51,5.98
829584,6.06,7.1475,7.786,7.18,6.69
829585,6.88,7.035,7.779999999999999,6.92,6.03
829586,7.3,8.055,7.38,8.03,6.1000000000000005
829587,5.83,6.6775,6.558,7.11,6.12
829588,6.7,7.275,6.8475,7.14,6.21
829589,6.06,6.59,7.8525,7.215,6.346666666666667
829590,8.17,6.9725,7.1739999999999995,10.0,6.733333333333333
829591,6.47,6.720000000000001,6.7379999999999995,7.0,6.8100000000000005
829592,6.77,6.73,6.7299999999999995,6.723333333333334,6.233333333333333
829593,7.32,6.9425,6.958,7.32,6.366666666666667
829594,7.49,7.5325,7.608,6.57,6.593333333333334
829595,6.96,7.279999999999999,6.833333333333333,6.41,5.913333333333334
829596,7.33,7.005,6.8525,8.045,6.093333333333334
829597,6.55,7.205,7.3,7.03,6.710000000000001
829598,6.39,7.24,6.526000000000001,6.61,6.13
829599,6.43,6.395,6.9825,6.96,6.476666666666667
829600,6.47,7.575,7.351999999999999,7.92,6.246666666666667
829601,7.34,7.7125,8.018,7.46,6.803333333333334
829602,6.4,7.4675,7.16,7.555,6.67
829603,7.42,7.33,7.1274999999999995,6.86,5.983333333333333
829604,7.14,8.0125,7.8933333333333335,9.209999999999999,6.883333333333333
829605,6.9,8.299999999999999,7.774000000000001,6.96,6.326666666666667
829606,6.97,6.76,6.3066666666666675,6.4799999999999995,6.046666666666667
829607,6.66,7.3075,7.426666666666667,7.146666666666667,6.93
829608,6.26,6.9675,7.715,7.215,6.18
829609,6.56,6.99,7.2219999999999995,6.63,6.883333333333333
829610,6.02,7.3725000000000005,7.8,6.5600000000000005,6.126666666666666
829611,6.13,6.74,7.758,6.47,6.216666666666666
829612,7.12,6.675000000000001,6.9319999999999995,6.0,6.135
829613,7.31,7.1425,7.566,7.06,6.243333333333333
829614,7.16,6.9725,7.008,7.03,5.88
829615,6.72,6.635,7.656000000000001,6.13,6.503333333333333
829616,6.14,6.4025,6.82,6.35,5.58
829617,7.16,6.875,7.15,6.43,6.653333333333333
829618,5.38,6.8375,6.965999999999999,5.73,6.609999999999999
829619,5.77,6.2525,6.53,7.045,5.843333333333334
829620,8.03,6.8775,7.7,7.285,6.123333333333334
829621,6.44,7.045,7.148000000000001,6.74,6.1933333333333325
829622,5.85,6.66,6.6,6.62,6.456666666666667
829623,7.98,6.8925,6.665,6.84,6.41
829624,6.82,7.21,6.953333333333333,6.553333333333334,6.653333333333333
829625,6.88,7.055,7.2780000000000005,9.59,6.176666666666667
829626,5.37,6.903333333333333,6.494,6.26,6.046666666666667
829627,5.93,6.665,6.359999999999999,6.215,6.523333333333333
829628,7.4,7.3100000000000005,7.1225,7.57,6.12
829629,7.12,6.695,6.808,7.3,6.17
829630,6.3,6.8100000000000005,7.145999999999999,7.89,6.08
829631,6.51,7.255,7.047499999999999,8.21,6.8500000000000005
829632,5.82,6.5975,6.68,5.919999999999999,6.09
829633,7.43,7.4275,7.795999999999999,8.44,6.236666666666667
829634,7.95,7.71,7.2475000000000005,7.654999999999999,6.316666666666666
829635,7.41,7.0975,7.376,6.97,6.416666666666667
829636,7.35,7.6425,8.046,8.84,6.046666666666667
829637,6.0,6.605,6.564,6.56,6.396666666666667
829638,6.88,7.495,7.452,6.16,6.343333333333334
829639,8.36,7.6325,6.8,7.63,6.14
829640,7.14,7.4275,7.225,7.02,6.09
829641,4.94,6.7725,7.295,7.129999999999999,6.1433333333333335
829642,6.3,6.8825,7.018000000000001,7.23,6.16
829643,6.5,7.234999999999999,7.316,7.84,6.203333333333333
829644,5.92,7.1725,7.148000000000001,8.0,6.415
829645,7.41,7.6450000000000005,7.215999999999999,7.24,6.385
829646,6.6,7.183333333333334,7.840000000000001,7.5,5.920000000000001
829647,6.78,7.72,7.0875,6.8149999999999995,6.1000000000000005
829648,6.52,7.05,7.546666666666667,6.6433333333333335,6.016666666666667
829649,7.12,7.5825,7.286666666666666,7.726666666666667,6.6066666666666665
829650,5.1,6.495,6.574,6.24,5.95
829651,5.73,7.19,6.76,6.22,6.3066666666666675
829652,6.96,7.22,7.968000000000001,6.82,6.096666666666667
829653,6.34,7.5375000000000005,8.2325,6.895,6.373333333333332
829654,7.26,7.195,6.874,6.67,6.283333333333334
829655,6.76,6.4675,6.234,5.97,6.176666666666667
829656,6.67,6.6325,6.626,6.26,6.150000000000001
829657,5.46,6.285,6.846666666666667,6.27,6.260000000000001
829658,5.3,6.23,6.814,5.62,6.776666666666666
829659,6.72,7.1925,6.708,7.49,6.406666666666666
829660,9.08,7.363333333333333,8.065,8.293333333333335,6.21
829661,7.91,7.2625,7.078,6.2,6.58
829662,6.92,7.3100000000000005,6.79,6.465,6.486666666666667
829663,7.47,7.37,6.695,7.05,6.535
829664,7.62,6.5675,7.008,6.11,6.095
829665,6.86,7.195,6.965999999999999,7.29,6.24
829666,6.07,7.375,6.8575,6.154999999999999,6.246666666666667
829667,6.2,6.7475000000000005,6.683333333333334,6.140000000000001,6.175000000000001
829668,6.67,6.9275,7.006,7.98,5.783333333333334
829669,6.84,6.8774999999999995,7.406000000000001,6.94,6.1866666666666665
829670,6.67,6.793333333333334,7.4825,8.896666666666667,6.1866666666666665
829671,5.65,7.5975,6.72,7.11,6.086666666666666
829672,7.04,7.4225,7.1375,6.775,6.37
829673,5.94,6.6225000000000005,6.42,6.4,6.266666666666667
829674,5.88,6.895,7.353999999999999,6.29,6.116666666666667
829675,6.49,7.4425,6.967999999999999,5.94,5.949999999999999
829676,8.61,6.828,6.81,6.4,6.125
829677,6.75,7.585,6.952,7.53,6.300000000000001
829678,5.95,6.9675,7.392,7.92,5.99
829679,6.26,6.9075,6.8175,6.025,6.06
829680,6.57,6.787999999999999,6.956666666666667,6.34,6.176666666666667
829681,7.15,7.6274999999999995,7.5920000000000005,7.41,7.050000000000001
829682,7.11,7.8525,6.9575,6.12,6.0
829683,6.12,7.01,6.4719999999999995,5.94,6.333333333333333
829684,6.07,7.033333333333334,7.23,7.953333333333333,6.04
829685,6.91,7.0075,6.63,7.245,6.130000000000001
829686,6.31,7.05,6.483333333333333,6.996666666666666,6.23
829687,5.13,6.6425,7.101999999999999,6.24,6.22
829688,7.01,7.665,7.95,7.52,6.136666666666667
829689,4.36,6.297499999999999,6.8175,6.984999999999999,6.46
829690,8.21,7.5525,7.518000000000001,6.37,6.163333333333334
829691,6.97,6.8625,6.5025,6.18,6.343333333333334
829692,6.95,6.2725,6.958,7.45,5.956666666666667
829693,6.43,7.55,7.4725,6.800000000000001,5.976666666666667
829694,8.28,7.755,6.75,7.32,5.984999999999999
829695,6.16,6.1899999999999995,5.998,6.34,5.9366666666666665
829696,6.62,7.075,7.245,8.075,6.463333333333334
829697,7.09,7.2225,7.746,9.16,6.633333333333333
829698,7.0,7.1674999999999995,6.7075,6.494999999999999,6.333333333333333
829699,6.6,7.16,7.394,6.28,6.54
829700,7.6,7.93,7.79,7.69,6.265000000000001
829701,6.2,6.395,7.422499999999999,6.29,6.109999999999999
829702,6.88,7.03,7.583333333333333,6.330000000000001,6.303333333333334
829703,7.32,7.555,7.886,8.29,7.023333333333333
829704,6.89,6.8,6.522,5.89,6.116666666666667
829705,6.83,6.795,6.612,7.12,6.3066666666666675
829706,7.05,7.46,7.57,7.875,7.066666666666666
829707,8.23,7.992500000000001,8.556000000000001,9.27,6.626666666666668
829708,7.45,7.2925,7.614,7.87,6.266666666666667
829709,6.9,7.1775,7.868,7.98,6.66
829710,5.94,7.170000000000001,7.0525,7.21,5.953333333333333
829711,7.03,6.585,7.292,7.4,6.073333333333333
829712,8.08,7.907500000000001,7.335,7.404999999999999,6.276666666666666
829713,6.39,7.0475,6.936,7.98,6.055
829714,6.33,7.1325,7.587999999999999,7.66,6.586666666666666
829715,6.38,7.0575,7.14,6.3,6.136666666666667
829716,6.36,7.1075,7.670000000000001,7.3566666666666665,6.055
829717,4.95,6.029999999999999,6.756,5.8,6.1850000000000005
829718,6.37,6.9725,7.358,6.25,6.09
829719,6.24,6.9275,6.655,6.609999999999999,6.03
829720,6.3,8.04,6.716666666666666,7.05,6.656666666666666
829721,7.05,7.2,7.395,7.0600000000000005,5.84
829722,7.31,7.7725,7.678,8.06,6.153333333333333
829723,8.14,7.077500000000001,7.055,5.965,6.226666666666667
829724,7.79,7.4475,7.459999999999999,7.72,6.3999999999999995
829725,6.76,7.6175,7.272,6.34,6.26
829726,6.43,7.0875,6.82,6.88,6.19
829727,7.34,7.42,7.172499999999999,7.0600000000000005,6.266666666666667
829728,6.43,7.5675,7.331999999999999,9.6,6.23
829729,6.76,6.9725,7.242,7.47,6.933333333333334
829730,6.53,7.34,6.865,6.66,6.376666666666668
829731,7.74,8.45,7.5975,6.970000000000001,6.086666666666666
829732,7.24,7.3325,8.308,7.42,6.483333333333333
829733,5.77,6.395,6.752,7.61,6.01
829734,6.72,6.9525,7.212000000000001,7.75,6.216666666666666
829735,8.15,7.965,6.936,6.39,6.383333333333333
829736,6.15,6.67,7.51,6.42,6.486666666666667
829737,5.81,6.6,6.7299999999999995,6.793333333333333,6.333333333333333
829738,7.02,7.1225,7.41,6.8933333333333335,6.096666666666667
829739,7.48,7.5975,7.3975,6.055,6.31
829740,7.26,7.695,7.9079999999999995,8.09,6.203333333333333
829741,6.06,7.4225,8.001999999999999,7.37,5.966666666666666
829742,6.33,7.785,6.572,9.47,6.47
829743,6.26,7.375,6.9075,8.219999999999999,6.863333333333333
829744,7.63,6.955,7.728,7.16,6.466666666666666
829745,6.81,6.9475,6.948,6.07,6.296666666666667
829746,6.6,7.6775,7.290000000000001,6.99,5.993333333333333
829747,5.44,6.932499999999999,7.793333333333334,7.486666666666667,6.0200000000000005
829748,5.71,6.085,6.720000000000001,5.92,6.48
829749,4.93,6.904999999999999,6.8774999999999995,6.555,6.046666666666667
829750,7.2,7.4325,6.68,7.73,6.353333333333333
829751,7.31,6.945,8.362,8.83,6.1000000000000005
829752,6.44,6.97,6.495,6.515000000000001,6.865
829753,5.4,6.3525,6.603999999999999,6.61,6.493333333333333
829754,8.42,7.3500000000000005,7.4319999999999995,6.655,5.9799999999999995
829755,6.74,7.3125,7.508,7.68,6.243333333333333
829756,6.66,6.890000000000001,7.0725,6.27,6.13
829757,7.61,7.8475,6.824,7.81,6.59
829758,6.54,7.390000000000001,7.986,8.94,6.453333333333333
829759,7.3,8.0,7.140000000000001,6.416666666666667,6.223333333333334
829760,7.24,7.87,7.3925,7.663333333333334,6.153333333333333
829761,5.68,6.705,6.542,6.35,5.953333333333333
829762,7.52,7.536666666666666,8.182500000000001,7.183333333333334,6.743333333333333
829763,6.98,6.3066666666666675,6.336,5.875,6.3999999999999995
829764,6.42,7.342499999999999,7.6375,7.055,6.133333333333333
829765,5.49,6.79,6.226666666666667,6.66,6.585
829766,7.02,7.140000000000001,7.245,6.75,6.12
829767,6.35,7.0325,6.848000000000001,7.73,6.04
829768,6.86,7.6375,8.0025,7.205,6.526666666666666
829769,6.33,6.579999999999999,6.94,6.14,6.126666666666666
829770,7.33,7.3525,7.064,7.56,6.173333333333333
829771,7.29,8.176666666666668,8.1025,8.226666666666667,6.086666666666666
829772,6.93,6.7825,6.577500000000001,6.535,6.260000000000001
829773,8.31,6.745,6.9325,6.58,6.0649999999999995
829774,5.09,6.8575,7.406000000000001,7.57,6.003333333333334
829775,7.05,7.862500000000001,7.4319999999999995,6.42,6.3
829776,6.62,6.9425,7.0925,6.109999999999999,6.4433333333333325
829777,7.56,7.523333333333333,6.915,8.11,6.7
829778,6.51,6.967499999999999,6.71,7.006666666666667,6.16
829779,6.34,7.2625,7.736666666666667,7.026666666666666,6.23
829780,4.31,6.446666666666666,7.328,7.199999999999999,6.05
829781,6.68,6.4475,7.014,6.17,6.19
829782,6.68,7.055,6.970000000000001,8.38,6.013333333333333
829783,7.43,7.2075,7.476666666666667,7.9366666666666665,6.206666666666666
829784,7.85,7.385,7.428,6.75,7.260000000000001
829785,7.45,8.16,7.94,10.0,6.816666666666666
829786,6.71,6.7825,6.99,7.2,6.489999999999999
829787,6.32,6.5575,6.882,6.99,6.375
829788,7.19,6.953333333333333,6.045,6.956666666666667,5.73
829789,6.01,6.68,6.9275,6.755,5.933333333333333
829790,7.45,7.592499999999999,7.134,6.17,6.1
829791,6.76,6.4350000000000005,6.93,6.77,6.365
829792,6.74,7.255000000000001,7.646000000000001,6.95,6.093333333333334
829793,6.27,6.82,7.62,6.23,6.16
829794,6.69,7.422499999999999,6.9799999999999995,6.2,6.130000000000001
829795,5.44,6.59,7.456666666666667,7.196666666666666,6.576666666666667
829796,6.64,7.4799999999999995,8.5075,8.91,6.3500000000000005
829797,6.19,6.96,6.73,7.345000000000001,5.866666666666667
829798,7.57,7.0825,7.004,7.15,6.983333333333333
829799,5.8,7.25,7.74,9.96,6.260000000000001
829800,7.14,7.885,7.316,8.91,6.933333333333334
829801,7.65,7.6425,7.516,6.99,6.123333333333334
829802,7.1,7.895,6.4775,6.245,6.196666666666666
829803,7.23,7.46,7.593999999999999,6.3,6.763333333333333
829804,5.54,6.85,7.087999999999999,7.09,6.335
829805,7.35,7.3475,7.546000000000001,6.24,6.455
829806,5.29,7.5675,7.392,8.32,6.51
829807,6.15,6.945,6.923333333333333,6.640000000000001,6.074999999999999
829808,7.42,7.6425,7.465,6.67,6.0649999999999995
829809,7.35,7.1825,6.62,6.585000000000001,6.103333333333334
829810,7.27,6.8425,6.669999999999999,6.576666666666667,5.71
829811,6.98,7.12,6.948,6.47,6.076666666666667
829812,5.75,7.452500000000001,6.765000000000001,6.375,6.463333333333334
829813,6.22,6.215,6.94,8.266666666666666,6.086666666666666
829814,7.44,7.6925,7.403333333333333,7.55,6.15
829815,7.74,6.775,7.734,5.83,7.25
829816,7.38,7.03,6.974000000000001,7.42,6.086666666666667
829817,7.31,6.956666666666667,6.36,6.903333333333333,6.006666666666667
829818,7.64,7.97,7.556,7.11,6.5200000000000005
829819,6.94,7.2425,7.192,6.36,6.33
829820,6.35,7.0925,7.481999999999999,7.68,7.005
829821,6.98,7.3275,7.296000000000001,6.71,6.256666666666667
829822,6.31,6.8725000000000005,7.06,7.863333333333333,6.316666666666666
829823,7.01,7.4525,6.956666666666667,7.359999999999999,6.326666666666667
829824,6.74,7.422499999999999,7.196666666666666,7.796666666666667,6.3500000000000005
829825,6.89,7.4825,7.5920000000000005,6.23,5.903333333333333
829826,5.47,6.984999999999999,6.4719999999999995,7.39,6.81
829827,6.66,6.8275,6.934,6.42,6.4350000000000005
829828,5.13,6.615,6.9799999999999995,6.93,6.36
829829,5.5,6.705,6.3025,6.6850000000000005,6.266666666666667
829830,6.67,6.779999999999999,6.2299999999999995,6.34,6.253333333333333
829831,7.84,8.2675,7.745,7.92,6.783333333333334
829832,5.74,6.637499999999999,7.48,6.493333333333333,6.6499999999999995
829833,6.76,7.2875,6.6925,6.675000000000001,6.1
829834,6.41,7.06,6.968000000000001,6.275,6.3
829835,8.04,7.634,6.98,6.5,6.206666666666667
829836,7.13,7.3775,7.28,5.765000000000001,6.3149999999999995
829837,7.71,7.415,7.803333333333334,7.5,6.03
829838,6.36,7.603333333333334,8.1475,8.256666666666666,6.7
829839,5.84,6.905,6.653999999999999,8.45,6.273333333333333
829840,8.14,7.595000000000001,7.514,7.75,6.296666666666667
829841,7.89,7.77,7.984,7.57,6.640000000000001
829842,6.12,6.886666666666667,7.05,7.140000000000001,6.733333333333333
829843,6.3,6.51,7.0575,6.574999999999999,6.263333333333333
829844,6.94,7.2275,7.962000000000001,6.82,6.02
829845,6.25,6.76,6.6125,6.609999999999999,6.165
829846,7.36,7.5225,7.248,8.67,6.140000000000001
829847,6.47,6.8975,6.575,7.47,6.5566666666666675
829848,7.25,7.3175,7.9879999999999995,9.75,6.703333333333333
829849,5.91,6.606,6.4433333333333325,6.41,6.8133333333333335
829850,5.32,6.46,6.5575,5.915,6.336666666666666
829851,7.28,7.0625,7.5680000000000005,6.51,6.09
829852,6.4,7.11,7.280000000000001,6.63,6.153333333333333
829853,5.83,6.9433333333333325,7.15,7.55,6.165
829854,7.45,7.583333333333333,7.2700000000000005,8.020000000000001,6.73
829855,6.37,6.255,6.7219999999999995,7.63,6.1000000000000005
829856,6.52,7.2125,6.62,6.455,6.21
829857,7.0,7.395,7.572,7.07,6.526666666666666
829858,6.16,7.1525,7.5425,8.0,6.093333333333334
829859,6.49,6.3825,6.716666666666666,6.789999999999999,6.523333333333333
829860,5.65,6.9575,7.0,6.55,6.406666666666666
829861,7.83,7.755,7.035,7.279999999999999,6.476666666666667
829862,5.74,6.37,6.692,6.72,6.405
829863,6.51,6.23,6.59,6.913333333333334,6.300000000000001
829864,6.58,7.255,7.368,8.39,6.126666666666666
829865,6.02,7.0075,6.7675,7.605,5.93
829866,6.69,6.77,7.136,9.94,6.3566666666666665
829867,7.25,7.64,7.17,6.54,6.236666666666667
829868,7.29,7.3925,7.1075,6.8100000000000005,6.04
829869,6.78,7.015000000000001,6.95,6.18,7.035
829870,7.56,8.13,7.016,7.47,6.13
829871,6.25,6.605,6.824,6.67,6.903333333333333
829872,6.97,7.4025,7.260000000000001,7.4433333333333325,6.133333333333333
829873,7.01,7.045,7.109999999999999,7.119999999999999,6.19
829874,5.18,6.265,6.66,6.234999999999999,6.109999999999999
829875,4.82,6.8675,7.018000000000001,6.84,6.613333333333333
829876,7.47,7.363333333333333,7.358,7.74,6.343333333333334
829877,5.57,6.6325,6.795,6.825,6.79
829878,6.44,7.24,6.626,6.27,6.0566666666666675
829879,6.66,7.126666666666666,7.078,7.58,6.486666666666667
829880,6.68,7.165,7.32,7.32,7.636666666666667
829881,6.07,7.4875,6.88,7.915,6.3
829882,5.88,7.445,7.1075,7.54,6.39
829883,7.16,7.727499999999999,8.5425,8.645,6.2299999999999995
829884,6.5,7.1525,7.12,6.966666666666666,6.3
829885,6.32,6.7299999999999995,7.228,6.88,6.08
829886,7.41,7.2825,6.91,6.2,6.276666666666666
829887,5.9,6.62,6.43,6.21,6.546666666666667
829888,5.92,6.994999999999999,7.125,6.14,6.853333333333334
829889,8.19,6.9225,6.609999999999999,7.27,6.453333333333333
829890,6.74,7.3,6.8549999999999995,6.18,6.2700000000000005
829891,7.3,6.8825,7.087999999999999,7.66,6.08
829892,6.86,7.015000000000001,6.888,7.71,6.3999999999999995
958426,5.04,6.7825,6.9959999999999996,6.78,6.234999999999999
958427,6.56,6.84,6.49,5.949999999999999,6.073333333333333
958428,5.23,6.9175,6.837999999999999,6.62,6.546666666666667
958429,6.44,6.8675,6.792,7.01,6.55
958430,6.81,6.64,8.3725,7.985,6.236666666666667
958431,7.32,7.27,6.828,6.76,6.123333333333334
958432,6.38,6.92,6.938,7.56,6.0200000000000005
958433,6.63,6.55,6.348000000000001,6.12,6.336666666666666
958434,6.52,6.9075,6.374,6.07,6.303333333333334
958435,6.74,6.415,6.2025,6.045,6.330000000000001
958472,6.36,7.02,6.580000000000001,6.19,6.22
958473,7.04,6.9,6.892,6.48,6.116666666666667
958474,7.02,7.265000000000001,7.162000000000001,8.41,6.6066666666666665
958475,7.72,7.5625,7.709999999999999,8.41,6.28
958476,5.61,6.4475,6.459999999999999,6.42,5.97
958477,6.19,6.6175,6.45,6.205,6.5649999999999995
958478,7.29,7.5325,7.69,7.45,6.086666666666666
958479,6.99,6.455,7.522,6.86,5.915
958480,6.48,7.2175,7.036,6.81,6.375
958481,5.51,6.7975,6.4433333333333325,6.673333333333333,6.376666666666666
958810,7.08,8.092500000000001,7.564,9.59,6.236666666666667
958816,6.74,7.289999999999999,7.292,6.19,6.093333333333334
958818,7.45,7.6475,7.748,8.03,6.636666666666667
958821,5.96,7.3925,7.286,7.5,6.293333333333333
958824,7.16,7.442500000000001,7.837999999999999,7.84,6.95
958826,7.01,7.75,7.593999999999999,6.88,6.843333333333334
958829,7.56,6.99,7.2780000000000005,6.55,6.919999999999999
958832,6.88,7.04,6.886666666666667,6.4799999999999995,6.115
958835,6.2,7.1225000000000005,7.0675,6.835,6.04
958837,6.42,6.7475000000000005,6.8420000000000005,7.63,6.146666666666667
959559,6.97,7.82,8.3175,8.165,6.3
959560,7.64,7.365,6.734,6.35,6.169999999999999
959561,6.11,7.14,6.996,6.36,5.955
959562,7.07,7.547499999999999,7.848000000000001,7.36,6.013333333333333
959563,6.3,7.1175,7.481999999999999,7.59,6.403333333333333
959564,6.57,6.945,7.0425,6.665,5.9
959565,6.3,6.7,6.634,6.31,5.9366666666666665
959566,4.24,6.5575,6.953999999999999,8.58,6.973333333333333
959567,6.68,7.2825,7.2425,8.745000000000001,6.0633333333333335
959568,5.43,6.952500000000001,6.714,6.89,6.13
959569,7.19,7.0425,7.125,7.15,6.225
959570,7.08,7.24,6.992,7.0,6.103333333333334
959571,7.45,7.155,6.8825,8.6,6.23
959572,6.8,7.0425,6.934,6.16,6.206666666666666
959573,6.68,7.566666666666666,7.82,7.293333333333333,6.623333333333334
959574,6.95,7.0649999999999995,6.9825,6.945,6.21
959575,5.79,6.904999999999999,6.456666666666667,7.0566666666666675,6.16
959576,6.33,7.08,6.4475,7.029999999999999,6.296666666666667
959577,7.26,7.535,6.9775,6.21,6.1066666666666665
959578,7.87,7.3566666666666665,7.45,6.63,7.043333333333333
959579,6.87,7.484999999999999,7.128,8.32,6.353333333333333
959580,6.26,7.0425,6.656000000000001,6.04,6.293333333333333
959581,6.27,6.6775,7.126,6.63,6.24
959582,6.01,6.295,7.366666666666667,7.6066666666666665,6.42
959583,7.08,7.285,6.553999999999999,7.32,6.21
959584,7.16,7.9725,7.817500000000001,8.254999999999999,6.373333333333334
959585,7.21,7.390000000000001,6.835,6.35,6.076666666666667
959586,6.39,7.485,7.446,7.45,6.17
959587,5.97,6.2225,7.313333333333333,7.710000000000001,6.146666666666666
959588,7.2,6.9325,7.06,6.18,6.28
959589,5.3,5.96,6.284000000000001,5.82,6.073333333333333
959590,6.18,6.86,7.162000000000001,6.42,6.32
959591,6.2,6.2875,6.29,6.4433333333333325,6.226666666666667
959592,8.0,7.2,6.9799999999999995,7.16,6.03
959593,6.69,7.635,7.3975,6.55,6.273333333333333
959594,6.62,7.525,7.146666666666666,6.963333333333334,6.03
959595,8.05,7.3225,7.53,7.82,6.3999999999999995
959596,7.18,7.98,6.8825,6.483333333333333,6.386666666666667
959597,7.44,7.325,7.581999999999999,7.11,6.25
959598,6.76,6.7625,7.226000000000001,6.13,6.076666666666667
959599,6.01,7.0600000000000005,7.76,7.87,5.95
959600,7.11,7.66,7.82,6.96,6.1433333333333335
959601,7.46,7.1525,7.2379999999999995,8.15,6.275
959602,7.63,6.9725,6.779999999999999,6.12,6.286666666666666
959603,6.24,7.4075,7.781999999999999,8.31,6.133333333333333
959604,5.71,6.375,7.01,5.91,6.026666666666666
959605,6.44,6.6175,6.3825,5.905,6.123333333333334
959606,5.93,5.9925,6.43,6.063333333333333,6.3566666666666665
959607,6.73,7.755,7.592499999999999,7.955,6.05
959608,7.84,7.2175,7.708,6.94,6.273333333333333
959609,7.59,6.97,7.19,9.4,6.123333333333334
959610,6.38,6.275,7.168000000000001,6.53,6.0633333333333335
959611,7.37,7.1975,7.75,7.35,6.01
959612,7.45,7.327500000000001,7.4625,7.49,6.156666666666666
959613,7.06,6.7025,6.556,6.15,6.46
959614,5.01,5.797499999999999,6.516,7.83,6.34
959615,6.73,6.74,6.8875,7.665,6.425
959616,6.36,7.109999999999999,7.3925,6.08,6.183333333333334
959617,6.04,5.8,6.245,6.415,5.885
959618,7.45,6.825,7.176,7.35,6.183333333333334
959619,6.32,6.8375,7.155,6.79,6.686666666666667
959620,7.26,7.62,7.872,9.29,6.433333333333334
959621,6.57,7.11,7.8175,7.205,6.31
959622,7.04,6.835,6.87,6.256666666666667,6.166666666666667
959623,6.7,6.615,6.7675,6.715,6.205
959624,5.82,6.705,7.07,7.609999999999999,6.776666666666666
959625,6.46,7.859999999999999,7.104000000000001,6.52,6.396666666666666
959626,6.59,7.695,7.153999999999999,6.53,6.683333333333334
959627,6.01,6.8525,6.906000000000001,6.17,6.31
959628,7.2,7.0649999999999995,7.01,7.93,6.22
959629,6.98,7.08,6.831999999999999,6.28,6.5566666666666675
959630,6.74,6.3225,6.188000000000001,7.47,6.580000000000001
959631,5.23,6.6675,7.226666666666667,7.133333333333333,6.653333333333333
959632,5.97,6.305,6.665,7.13,6.303333333333334
959633,5.81,6.43,6.793333333333333,6.829999999999999,6.63
959634,6.25,7.15,6.5,7.35,6.1850000000000005
959635,6.01,6.5075,6.49,8.19,6.645
959636,6.99,6.8875,7.246,8.63,7.156666666666666
959637,8.33,7.359999999999999,7.025,7.14,6.326666666666667
959638,7.13,7.05,6.715999999999999,6.74,6.4433333333333325
959639,7.2,7.37,6.723333333333334,6.669999999999999,6.116666666666667
959640,6.73,6.0975,6.595,6.045,6.193333333333334
959641,7.76,6.715,7.234,7.14,6.466666666666666
959642,7.25,7.37,7.819999999999999,7.215,6.29
959643,7.48,7.3675,7.97,7.275,6.885
959644,7.26,7.1425,7.175,7.115,6.48
959645,7.65,7.46,7.492,6.42,6.543333333333334
959646,4.26,5.797499999999999,6.115,6.11,6.036666666666666
959647,6.85,7.3875,7.836666666666666,8.153333333333334,6.023333333333333
959648,6.7,7.3075,7.785,6.29,6.313333333333333
959649,5.85,6.762499999999999,6.9399999999999995,6.43,6.079999999999999
959650,6.54,6.8175,6.4719999999999995,6.48,6.186666666666667
959651,6.57,6.4875,6.552,5.97,6.61
959652,6.96,7.1075,7.046666666666667,6.933333333333334,6.59
959653,6.28,6.95,6.5175,6.216666666666666,6.043333333333333
959654,5.7,6.6775,6.986,8.03,6.1433333333333335
959655,7.25,6.9825,8.193999999999999,7.29,6.3
959656,5.84,6.5725,6.128,5.95,6.5633333333333335
959657,5.96,6.9825,6.792,6.28,6.3133333333333335
959658,6.16,6.955,6.812,6.21,6.760000000000001
959659,6.51,6.9075,7.342499999999999,7.38,6.073333333333333
959660,6.57,7.195,6.773999999999999,6.59,6.233333333333333
959661,7.06,6.642,6.3075,6.12,6.446666666666666
959662,8.43,7.4775,7.016,7.15,6.376666666666666
959663,5.32,6.66,6.7,8.07,6.173333333333333
959664,6.81,7.699999999999999,7.468000000000001,8.27,6.4799999999999995
959665,7.36,6.73,6.715,6.295,5.95
959666,6.39,7.0874999999999995,8.164,8.6,6.656666666666666
959667,6.76,7.9675,7.851999999999999,8.56,6.03
959668,7.67,7.8725000000000005,8.062000000000001,7.55,6.006666666666667
959669,6.41,6.9575000000000005,6.731999999999999,6.79,6.37
959670,6.51,7.34,7.843999999999999,8.92,6.153333333333333
959671,5.52,6.68,7.052,6.54,5.99
959672,5.52,6.115,6.694,6.07,6.09
959673,6.05,7.0975,7.298,8.11,6.236666666666667
959674,7.84,7.7725,7.3420000000000005,8.62,6.746666666666667
959675,6.4,6.3425,6.9959999999999996,7.79,6.359999999999999
959676,6.57,7.0825000000000005,7.046000000000001,7.34,6.423333333333333
959677,5.9,6.9775,6.556,6.26,6.4366666666666665
959678,6.52,7.19,7.294,7.21,6.346666666666667
959679,7.17,6.605,6.734,7.3,6.51
959680,7.27,7.305,7.386,6.83,6.465
959681,6.29,7.3425,6.989999999999999,7.07,6.92
959682,6.28,6.9275,6.878,6.43,6.043333333333333
959683,8.13,7.74,7.117999999999999,8.4,6.580000000000001
959684,5.78,7.1975,6.942,6.47,6.16
959685,7.48,7.53,8.254,6.6,6.49
959686,6.62,6.85,7.279999999999999,6.43,6.414999999999999
959687,6.54,6.9225,6.9,6.5,6.113333333333333
959688,6.92,7.140000000000001,7.422,7.85,6.176666666666667
959689,6.4,6.895,7.0275,6.9,6.053333333333334
959690,7.36,7.255,6.919999999999999,6.603333333333334,6.91
959691,7.64,7.25,6.9799999999999995,6.52,6.253333333333334
959692,5.86,7.195,6.7620000000000005,5.84,6.715
959693,7.14,7.505,7.536,7.74,6.05
959694,6.92,7.1925,6.833333333333333,6.916666666666667,6.465
959695,6.55,7.13,7.872,6.67,6.163333333333334
959696,6.88,7.05,7.297999999999999,8.39,6.3133333333333335
959697,7.66,7.975,7.83,7.94,6.09
959698,7.59,7.2925,7.614,9.24,6.456666666666667
959699,6.93,6.895,6.46,7.1899999999999995,6.293333333333333
959700,6.33,6.78,6.5840000000000005,6.08,6.109999999999999
959701,6.65,6.8375,7.3525,7.295,6.853333333333333
959702,5.12,6.6625,6.933333333333333,6.63,6.74
959703,7.47,7.4225,6.8525,6.925000000000001,6.373333333333334
959704,5.86,7.0175,7.090000000000001,7.65,6.636666666666667
959705,6.84,7.28,7.198,6.39,6.27
959706,7.4,7.0425,6.9239999999999995,7.45,6.239999999999999
959707,6.18,7.375,8.303999999999998,8.83,6.47
959708,5.95,6.7524999999999995,6.8,6.51,6.06
959709,6.66,7.165,6.958,8.53,6.373333333333334
959710,5.92,6.9325,6.95,6.986666666666667,6.153333333333333
959711,6.94,7.0875,6.4879999999999995,6.17,5.919999999999999
959712,6.4,7.0024999999999995,7.0925,6.875,6.44
959713,7.35,7.2225,7.0325,6.734999999999999,6.523333333333333
959714,6.38,7.51,7.516666666666667,6.423333333333333,6.093333333333334
959715,7.93,7.4725,7.981999999999999,6.51,6.276666666666667
959716,5.78,6.8525,7.358,6.6,6.136666666666667
959717,5.21,6.3149999999999995,6.386,6.09,6.080000000000001
959718,7.19,7.3075,7.48,8.555,6.41
959719,7.22,7.3475,7.9675,7.7299999999999995,6.326666666666667
959720,7.17,7.2825,6.583333333333333,6.763333333333333,6.223333333333334
959721,8.9,7.6475,7.462000000000001,6.98,6.27
959722,6.15,6.5825,7.632,8.48,6.003333333333334
959723,7.5,7.34,7.396000000000001,8.26,6.823333333333333
959724,6.2,6.3425,6.8025,6.095,6.623333333333334
959725,6.59,6.845,7.159999999999999,6.24,6.333333333333333
959726,7.37,7.4,6.872,6.08,6.215
959727,5.72,7.16,7.83,7.145,6.083333333333333
959728,6.73,7.215,6.956,7.32,6.153333333333333
959729,7.83,6.6575,6.7459999999999996,6.39,6.083333333333333
959730,6.48,6.92,6.992,6.79,6.016666666666667
959731,6.0,6.5925,6.685,6.535,6.063333333333333
959732,6.72,7.5225,7.618,6.36,6.760000000000001
959733,6.52,6.8875,7.3100000000000005,6.470000000000001,6.079999999999999
959734,5.27,7.025,7.574999999999999,7.945,6.13
959735,7.71,6.8825,7.002,7.44,6.210000000000001
959736,5.03,6.155,6.205,6.295,6.313333333333333
959737,6.54,7.2825,7.2620000000000005,6.89,6.34
959738,7.36,7.140000000000001,7.206,7.26,6.696666666666666
959739,5.83,7.0825,6.886,6.09,6.045
959740,5.47,6.195,6.522,6.42,5.98
959741,5.99,7.1,6.8825,6.380000000000001,6.119999999999999
959742,6.58,6.595,6.88,7.4,7.475
959743,5.88,6.3175,6.514,6.73,6.036666666666666
959744,6.69,6.9399999999999995,7.1825,5.93,6.109999999999999
959745,7.52,6.942500000000001,7.056,6.66,6.066666666666666
959746,5.9,7.15,7.122,7.14,6.343333333333334
959747,5.99,6.545,7.3999999999999995,6.716666666666666,6.576666666666667
959748,8.6,7.0425,6.694,7.2,6.355
959749,6.22,7.4475,7.422,6.13,6.156666666666666
959750,5.03,6.53,6.705,6.5,5.94
959751,5.88,6.13,7.093999999999999,7.45,6.140000000000001
959752,8.79,7.5024999999999995,7.4079999999999995,6.69,6.1433333333333335
959753,8.09,7.245,7.755,6.58,6.07
959754,5.79,5.5875,7.353333333333334,6.223333333333334,6.803333333333334
959755,6.26,6.8125,8.294,8.18,6.3133333333333335
959756,6.9,7.7775,8.955,7.98,6.789999999999999
959757,6.2,7.7325,7.359999999999999,7.153333333333333,5.84
959758,6.59,6.8975,7.25,8.11,6.033333333333334
959759,4.88,7.04,6.9399999999999995,7.035,6.406666666666666
959760,6.3,6.8925,6.5975,6.64,6.3066666666666675
959761,6.6,6.82,7.506,8.81,6.07
959762,6.59,6.6025,7.022,6.42,6.920000000000001
959763,5.83,6.435,7.2175,8.045,6.745
959764,5.85,5.98,6.1499999999999995,5.95,6.146666666666667
959765,5.3,6.3975,6.09,6.19,6.293333333333334
959766,6.66,7.495,7.638,6.92,6.3500000000000005
959767,7.2,7.386666666666667,7.037999999999999,6.62,6.01
959768,8.5,6.5925,6.2219999999999995,4.89,6.223333333333334
959769,7.16,6.66,6.547499999999999,6.380000000000001,6.573333333333333
959770,6.98,7.54,8.2,8.09,6.246666666666666
959771,6.71,6.8275,6.18,6.43,6.13
959772,6.76,7.032500000000001,7.162000000000001,8.02,6.153333333333333
959773,7.03,7.12,6.866,7.05,6.21
959774,7.12,7.8275,7.9079999999999995,7.45,6.503333333333333
959775,6.53,6.585,7.159999999999999,6.46,6.076666666666667
959776,6.17,7.21,7.145,7.324999999999999,7.53
959777,5.73,7.33,7.875,7.13,6.946666666666666
959778,6.68,7.369999999999999,7.140000000000001,6.65,6.883333333333333
959779,6.5,7.165,7.3575,8.165,6.063333333333333
959780,7.22,7.035,6.736,6.58,6.116666666666667
959781,7.5,7.1925,6.7675,7.51,6.3
959782,7.51,7.0375,6.9275,6.205,6.316666666666666
959783,7.5,7.3825,7.846000000000001,7.54,6.3933333333333335
959784,7.26,7.6225,7.0425,6.15,6.383333333333333
959785,7.18,7.73,7.592499999999999,7.445,6.176666666666667
959786,6.87,7.37,7.688,6.7,6.243333333333333
959787,5.55,6.989999999999999,7.1000000000000005,6.323333333333333,6.946666666666666
959788,5.77,6.9575,7.3260000000000005,6.64,6.3999999999999995
959789,6.1,6.9775,7.029999999999999,5.77,6.2
959790,5.44,6.255,7.0840000000000005,8.94,6.233333333333333
959791,6.78,7.2025,7.266,7.43,6.0633333333333335
959792,7.02,7.4375,6.764,6.42,6.286666666666666
959793,8.04,7.3925,7.642,6.46,6.37
959794,6.59,6.85,6.58,7.885,6.153333333333333
959795,6.11,6.483333333333333,7.7075,8.026666666666666,6.01
959796,7.42,7.46,7.718000000000001,7.96,6.386666666666667
959797,6.17,7.4025,7.0475,7.84,5.993333333333333
959798,7.24,7.282500000000001,7.25,6.85,6.1499999999999995
959799,7.21,6.9350000000000005,6.748,8.21,6.666666666666667
959800,7.9,7.6975,7.766,8.65,6.596666666666667
959801,7.01,6.2925,6.640000000000001,6.720000000000001,6.156666666666666
959802,5.6,7.1125,7.0,7.140000000000001,6.053333333333334
959803,6.73,6.795,7.072,7.88,6.3
959804,8.17,7.9575,8.398,7.39,6.22
959805,7.16,6.886666666666667,7.12,6.255,6.256666666666667
959806,5.64,7.1925,6.83,6.95,6.635
959807,6.37,6.42,6.603999999999999,6.53,5.883333333333333
959808,7.1,7.262499999999999,7.413333333333334,8.053333333333333,6.0
959809,7.09,7.1725,6.843999999999999,7.62,6.02
959810,6.95,6.8075,7.894,10.0,6.623333333333334
959811,6.61,6.965,6.6375,6.59,6.703333333333333
959812,5.53,6.65,7.008,8.14,6.0566666666666675
959813,7.53,6.89,7.196,6.37,6.140000000000001
959814,6.69,7.2025,7.49,8.17,6.41
959815,5.59,6.5175,6.534000000000001,6.24,6.19
959816,6.36,6.5475,6.502,5.86,5.970000000000001
959817,6.44,7.2725,8.058,10.0,6.456666666666666
959818,6.41,7.145,8.27,8.149999999999999,6.43
959819,6.77,7.8825,7.252,6.55,6.136666666666667
959820,6.07,6.5725,6.748,6.56,6.4433333333333325
959821,7.11,7.654999999999999,7.1819999999999995,7.21,6.255
959822,6.44,6.425,6.4175,6.52,6.066666666666666
959823,7.1,7.145,7.155,6.625,6.08
959824,6.52,7.2325,7.76,8.34,6.145
959825,6.19,6.58,7.052,7.38,5.965
959826,4.2,6.58,6.74,6.22,6.0633333333333335
959827,7.22,7.385,7.5325,7.32,6.1899999999999995
959828,6.8,6.635,7.404000000000001,5.97,6.5566666666666675
959829,6.47,7.3,6.94,6.18,6.343333333333334
959830,6.64,7.0075,6.506,6.48,6.13
959831,5.75,6.7625,6.2299999999999995,5.98,5.8999999999999995
959832,8.63,7.355,7.276000000000001,8.46,6.323333333333333
959833,6.63,6.8475,7.252,6.7,6.47
959834,6.84,6.4975,7.0,6.2,6.196666666666666
959835,6.99,6.9399999999999995,7.036,7.41,6.25
959836,7.76,6.529999999999999,8.022,9.55,6.403333333333333
959837,5.96,7.2975,7.022,7.17,6.333333333333333
959838,7.59,7.175000000000001,7.12,6.2,6.88
959839,6.93,7.395,6.714,6.66,6.496666666666667
959840,6.6,7.67,8.581999999999999,8.16,6.976666666666667
959841,6.1,6.1975,6.1525,5.785,6.28
959842,6.54,6.7524999999999995,6.9719999999999995,7.53,6.236666666666667
959843,6.05,6.9825,6.662000000000001,6.52,6.359999999999999
959844,6.45,6.6025,7.0280000000000005,8.67,6.096666666666667
959845,7.33,7.76,7.33,6.75,6.256666666666667
959846,5.27,6.54,7.1325,6.74,5.95
959847,8.35,8.3875,6.998,7.6,6.1433333333333335
959848,7.13,6.925,6.862,6.33,6.136666666666667
959849,6.65,6.9375,7.228,6.6,6.09
959850,6.29,6.673333333333333,7.045,6.68,6.246666666666667
959851,7.51,6.945,7.78,8.07,6.3066666666666675
959852,6.12,6.5649999999999995,6.7459999999999996,6.32,5.986666666666667
959853,6.9,7.165,6.932,6.38,6.73
959854,7.06,7.775,8.245000000000001,7.9,6.636666666666667
959855,6.31,6.6175,7.3,6.75,6.829999999999999
959856,6.05,6.8175,7.444,6.52,5.986666666666667
959857,6.92,7.1499999999999995,6.885,7.595000000000001,5.993333333333333
959858,6.71,6.4725,7.036,5.91,6.183333333333334
959859,6.48,6.785,6.965,6.795,6.646666666666666
959860,6.68,7.3375,7.159999999999999,7.4,6.526666666666666
959861,6.32,6.887499999999999,7.258,6.84,6.26
959862,6.73,7.3875,6.7620000000000005,6.36,6.079999999999999
959863,5.69,6.8425,6.38,6.02,6.095000000000001
959864,7.52,7.345,6.755,6.359999999999999,6.025
959865,6.6,7.4,7.284000000000001,6.24,6.02
959866,7.72,7.48,6.85,6.21,6.63
959867,6.16,7.42,7.01,6.97,6.77
959868,5.57,6.8875,7.359999999999999,7.62,6.1499999999999995
959869,5.81,6.71,6.993333333333333,7.2299999999999995,6.136666666666667
959870,6.11,7.172499999999999,7.062,8.01,6.116666666666667
959871,7.19,6.6225000000000005,7.390000000000001,7.68,6.226666666666667
959872,7.66,7.19,7.1499999999999995,7.05,6.283333333333334
959873,5.83,6.4825,6.52,7.65,6.156666666666666
959874,6.96,7.41,7.04,6.6850000000000005,6.223333333333333
959875,7.07,7.2475000000000005,6.405,8.385,7.333333333333333
959876,4.95,6.5875,7.4399999999999995,7.35,6.220000000000001
959877,7.74,7.77,7.306,6.36,6.433333333333334
959878,6.59,7.15,7.085,7.154999999999999,6.533333333333334
959879,7.64,7.8075,6.944,6.37,6.2
959880,6.74,6.459999999999999,6.98,6.095000000000001,7.234999999999999
959881,6.74,7.3125,7.25,7.11,6.96
959882,7.23,7.5125,8.044,7.3,6.13
959883,6.71,7.6625,7.5200000000000005,9.57,6.113333333333333
959884,6.87,7.445,7.265,7.075,6.336666666666667
959885,6.27,6.875,6.88,7.32,6.19
959886,8.04,6.9825,6.731999999999999,6.59,6.145
959887,5.75,6.6,6.3575,7.235,6.783333333333334
959888,5.74,7.109999999999999,7.41,7.0649999999999995,6.29
959889,6.04,7.065,7.470000000000001,9.15,5.983333333333333
959890,6.37,7.467499999999999,7.2275,6.904999999999999,6.346666666666667
959891,6.01,6.915,6.545999999999999,6.2,6.423333333333333
959892,5.96,6.324,7.2125,6.61,6.43
959893,7.16,7.2325,6.936,6.32,6.140000000000001
959894,7.1,7.46,7.047499999999999,7.455,6.17
959895,7.31,8.225,8.081999999999999,7.1,6.826666666666667
959896,7.11,6.46,7.1,7.25,6.72
959897,7.3,7.777500000000001,7.442,6.5,6.260000000000001
959898,7.42,6.815,7.165,7.13,6.453333333333333
959899,5.5,5.8075,6.03,6.97,6.163333333333333
959900,7.09,7.25,7.798,6.33,6.09
959901,6.75,7.797499999999999,8.288,7.42,6.073333333333333
959902,6.5,7.7475000000000005,7.275999999999999,7.1,6.3133333333333335
959903,6.88,7.609999999999999,8.615,7.515,6.136666666666667
959904,7.38,6.6175,6.655,6.765,6.52
959905,7.18,6.9025,7.331999999999999,7.66,6.25
959906,6.25,6.1933333333333325,7.5525,8.376666666666667,6.37
959907,6.37,7.0424999999999995,7.2459999999999996,7.86,6.043333333333333
959908,7.15,6.845,6.226,7.96,6.53
